en,de,kind,category,confidence,source,verified_at,note,loc_key,en_id
Ashen Hollow,Aschene Senke,biome,,localization,resources.assets,2026-09-22,,Biome_Town_Wasteland_Name,ashen_hollow
Ashen Thicket,Aschenes Dickicht,biome,,localization,resources.assets,2026-09-22,,Biome_Wasteland_Name,ashen_thicket
Bamboo Flats,Bambusebene,biome,,localization,resources.assets,2026-09-22,,Biome_PoroBiome_Name,bamboo_flats
Bamboo Refuge,Bambuszuflucht,biome,,localization,resources.assets,2026-09-22,,Biome_Town_PoroTown_Name,bamboo_refuge
Citadel,Zitadelle,biome,,localization,resources.assets,2026-09-22,,Biome_Town_Capital_Name,citadel
Coastal Grove,Küstenhain,biome,,localization,resources.assets,2026-09-22,,Biome_Bay_Name,coastal_grove
Coastal Town,Küstenstadt,biome,,localization,resources.assets,2026-09-22,,Biome_Town_Bay_Name,coastal_town
Coral Enclave,Korallenenklave,biome,,localization,resources.assets,2026-09-22,,Biome_Town_CoralForest_Name,coral_enclave
Coral Forest,Korallenwald,biome,,localization,resources.assets,2026-09-22,,Biome_CoralForest_Name,coral_forest
Cursed Royal Woodlands,Verfluchte Königswälder,biome,,localization,resources.assets,2026-09-22,,Biome_CursedRoyalWoodlands_Name,cursed_royal_woodlands
Cursed Village,Verfluchtes Dorf,biome,,localization,resources.assets,2026-09-22,,Biome_Town_Cursed_Name,cursed_village
Marshland Settlement,Sumpfland-Siedlung,biome,,localization,resources.assets,2026-09-22,,Biome_Town_Mushroom_Name,marshland_settlement
Marshlands,Sümpfe,biome,,localization,resources.assets,2026-09-22,,Biome_Mushroom_Name,marshlands
Orchard Town,Obststadt,biome,,localization,resources.assets,2026-09-22,,Biome_Town_Moorlands_Name,orchard_town
Ravine Town,Schluchtstadt,biome,,localization,resources.assets,2026-09-22,,Biome_Town_Cave_Name,ravine_town
Rocky Ravine,Felsschlucht,biome,,localization,resources.assets,2026-09-22,,Biome_Cave_Name,rocky_ravine
Royal Woodlands,Königswälder,biome,,localization,resources.assets,2026-09-22,,Biome_RoyalWoodlands_Name,royal_woodlands
Scarlet Orchard,Scharlachroter Obstgarten,biome,,localization,resources.assets,2026-09-22,,Biome_Moorlands_Name,scarlet_orchard
Sealed Forest,Versiegelter Wald,biome,,localization,resources.assets,2026-09-22,,Biome_SealedBiome_Name,sealed_forest
Sealed Hamlet,Versiegelter Weiler,biome,,localization,resources.assets,2026-09-22,,Biome_Town_Sealed_Name,sealed_hamlet
Woodland Town,Waldstadt,biome,,localization,resources.assets,2026-09-22,,Biome_Town_RoyalWoodlands_Name,woodland_town
Academy,Akademie,building,,localization,resources.assets,2026-09-22,,Building_Academy_Name,academy
Advanced Rain Collector,Verbesserter Regenkollektor,building,,localization,resources.assets,2026-09-22,,Building_RainCollectorBig_Name,advanced_rain_collector
Alchemist's Hut,Alchemistenhütte,building,,localization,resources.assets,2026-09-22,,Building_AlchemistHut_Name,alchemists_hut
Ancient Arch,Uraltes Gewölbe,building,,localization,resources.assets,2026-09-22,,Building_DecorationArch_Name,ancient_arch
Ancient Hearth,Uralte Feuerstelle,building,,localization,resources.assets,2026-09-22,,Building_SmallHearth_Name,ancient_hearth
Ancient Seal,Uraltes Siegel,building,,localization,resources.assets,2026-09-22,,Building_Seal_Name,ancient_seal
Ancient Tombstone,Uralter Grabstein,building,,localization,resources.assets,2026-09-22,,Building_DecorationAncientTablet_Name,ancient_tombstone
Anvil,Amboss,building,,localization,resources.assets,2026-09-22,,Building_DecorationAnvil_Name,anvil
Apothecary,Apotheker,building,,localization,resources.assets,2026-09-22,,Building_Apothecary_Name,apothecary
Archaeologist's Office,Archäologenbüro,building,,localization,resources.assets,2026-09-22,,Building_InstituteOfArcheology_Name,archaeologists_office
Artisan,Handwerker,building,,localization,resources.assets,2026-09-22,,Building_Artisan_Name,artisan
Bakery,Bäckerei,building,,localization,resources.assets,2026-09-22,,Building_Bakery_Name,bakery
Barrels,Fässer,building,,localization,resources.assets,2026-09-22,,Building_DecorationBarrels_Name,barrels
Basalt Tree Sapling,Basaltbaum-Schössling,building,,localization,resources.assets,2026-09-22,,Building_DecorationCave_Name,basalt_tree_sapling
Bat House,Fledermaushaus,building,,localization,resources.assets,2026-09-22,,Building_BatHouse_Name,bat_house
Bath House,Badehaus,building,,localization,resources.assets,2026-09-22,,Building_BathHouse_Name,bath_house
Beacon Tower,Leuchtturm,building,,localization,resources.assets,2026-09-22,,Building_SealedBiomeShrine_Name,beacon_tower
Beanery,Imbiss,building,,localization,resources.assets,2026-09-22,,Building_Beanery_Name,beanery
Beaver House,Biberhaus,building,,localization,resources.assets,2026-09-22,,Building_BeaverHouse_Name,beaver_house
Bench,Sitzbank,building,,localization,resources.assets,2026-09-22,,Building_DecorationBank_Name,bench
Big Hauler Station,Große Frachtführer-Station,building,,localization,resources.assets,2026-09-22,,Building_BigHaulersBase_Name,big_hauler_station
Big Shelter,Große Unterkunft,building,,localization,resources.assets,2026-09-22,,Building_BigShelter_Name,big_shelter
Black Market,Schwarzmarkt,building,,localization,resources.assets,2026-09-22,,Building_BiomeBlackMarket_Name,black_market
Blight Bomb,Pestbombe,building,,localization,resources.assets,2026-09-22,,Building_BlightBomb_Name,blight_bomb
Blight Post,Pestfäuleposten,building,,localization,resources.assets,2026-09-22,,Building_BlightPost_Name,blight_post
Bonfire,Lagerfeuer,building,,localization,resources.assets,2026-09-22,,Building_Decoration_Pot_Name,bonfire
Brewery,Brauerei,building,,localization,resources.assets,2026-09-22,,Building_Brewery_Name,brewery
Brick Oven,Ziegelofen,building,,localization,resources.assets,2026-09-22,,Building_Oven_Name,brick_oven
Brickyard,Ziegelei,building,,localization,resources.assets,2026-09-22,,Building_Brickyard_Name,brickyard
Brineworks,Salzwerk,building,,localization,resources.assets,2026-09-22,,Building_Brineworks_Name,brineworks
Bush,Busch,building,,localization,resources.assets,2026-09-22,,Building_DecorationBush_Name,bush
Butcher,Metzgerei,building,,localization,resources.assets,2026-09-22,,Building_Butcher_Name,butcher
Cages,Käfige,building,,localization,resources.assets,2026-09-22,,Building_DecorationCages_Name,cages
Cannery,Konservenfabrik,building,,localization,resources.assets,2026-09-22,,Building_Cannery_Name,cannery
Carpenter,Tischler,building,,localization,resources.assets,2026-09-22,,Building_Carpenter_Name,carpenter
Cellar,Weinkeller,building,,localization,resources.assets,2026-09-22,,Building_Cellar_Name,cellar
Chest,Truhe,building,,localization,resources.assets,2026-09-22,,Building_DecorationChest_Name,chest
Clan Hall,Clanhalle,building,,localization,resources.assets,2026-09-22,,Building_ClanHall_Name,clan_hall
Clay Pit,Lehmgrube,building,,localization,resources.assets,2026-09-22,,Building_ClayPit_Name,clay_pit
Clothier,Tuchmacher,building,,localization,resources.assets,2026-09-22,,Building_Sewer_Name,clothier
Cobbler,Schuster,building,,localization,resources.assets,2026-09-22,,Building_Cobbler_Name,cobbler
Cookhouse,Kochhaus,building,,localization,resources.assets,2026-09-22,,Building_Cookhouse_Name,cookhouse
Cooperage,Küferei,building,,localization,resources.assets,2026-09-22,,Building_Cooperage_Name,cooperage
Coral Growth,Korallenwucherung,building,,localization,resources.assets,2026-09-22,,Building_DecorationCoralGrowth_Name,coral_growth
Cornerstone Forge,Grundsteinschmiede,building,,localization,resources.assets,2026-09-22,,Building_BiomePerkCrafter_Name,cornerstone_forge
Crates,Kisten,building,,localization,resources.assets,2026-09-22,,Building_DecorationCrates_Name,crates
Crude Bakery,Primitive Bäckerei,building,,localization,resources.assets,2026-09-22,,Building_CrudeBakery_Name,crude_bakery
Crude Workstation,Primitive Werkbank,building,,localization,resources.assets,2026-09-22,,Building_CrudeWorkstation_Name,crude_workstation
Decorative Fungus,Dekorativer Pilz,building,,localization,resources.assets,2026-09-22,,Building_DecorationMushroom_Name,decorative_fungus
Distillery,Brennerei,building,,localization,resources.assets,2026-09-22,,Building_Distillery_Name,distillery
Druid's Hut,Druidenhütte,building,,localization,resources.assets,2026-09-22,,Building_Druid_Name,druids_hut
Evergreen Shrub,Immergrünstrauch,building,,localization,resources.assets,2026-09-22,,Building_Decoration_FrogTree_Name,evergreen_shrub
Explorers' Lodge,Erkunderhütte,building,,localization,resources.assets,2026-09-22,,Building_ExplorersLodge_Name,explorers_lodge
Farm Field,Acker,building,,localization,resources.assets,2026-09-22,,Building_Farmfield_Name,farm_field
Feast Hall,Festsaal,building,,localization,resources.assets,2026-09-22,,Building_FeastHall_Name,feast_hall
Fence,Zaun,building,,localization,resources.assets,2026-09-22,,Building_DecorationFence_Name,fence
Fence Corner,Eckzaun,building,,localization,resources.assets,2026-09-22,,Building_DecorationFenceCorner_Name,fence_corner
Fertile Field,Fruchtbarer Acker,building,,localization,resources.assets,2026-09-22,,Building_BiomeGrassSpawner_Name,fertile_field
Field Engineering Station,Technische Feldeinheit,building,,localization,resources.assets,2026-09-22,,Building_TemporaryEngineeringStation_Name,field_engineering_station
Field Kitchen,Feldküche,building,,localization,resources.assets,2026-09-22,,Building_FieldKitchen_Name,field_kitchen
Finesmith,Kunstschmied,building,,localization,resources.assets,2026-09-22,,Building_Finesmith_Name,finesmith
Fire Shrine,Feuerschrein,building,,localization,resources.assets,2026-09-22,,Building_DecorationFireShrine_Name,fire_shrine
Fish Mount,Wandfisch,building,,localization,resources.assets,2026-09-22,,Building_Decoration_Fish_Name,fish_mount
Fishing Hut,Fischerhütte,building,,localization,resources.assets,2026-09-22,,Building_FishingHut_Name,fishing_hut
Flame Altar,Flammenaltar,building,,localization,resources.assets,2026-09-22,,Building_CloakedWandererShrine_Name,flame_altar
Flawless Brewery,Makellose Brauerei,building,,localization,resources.assets,2026-09-22,,Building_FlawlessBrewery_Name,flawless_brewery
Flawless Cellar,Makelloser Weinkeller,building,,localization,resources.assets,2026-09-22,,Building_FlawlessCellar_Name,flawless_cellar
Flawless Cooperage,Makellose Küferei,building,,localization,resources.assets,2026-09-22,,Building_FlawlessCooperage_Name,flawless_cooperage
Flawless Druid's Hut,Makellose Druidenhütte,building,,localization,resources.assets,2026-09-22,,Building_FlawlessDruid_Name,flawless_druids_hut
Flawless Leatherworker,Makelloser Lederarbeiter,building,,localization,resources.assets,2026-09-22,,Building_FlawlessLeatherworks_Name,flawless_leatherworker
Flawless Rain Mill,Makellose Regenmühle,building,,localization,resources.assets,2026-09-22,,Building_FlawlessRainMill_Name,flawless_rain_mill
Flawless Smelter,Makellose Schmelzerei,building,,localization,resources.assets,2026-09-22,,Building_FlawlessSmelter_Name,flawless_smelter
Flower Bed,Blumenbeet,building,,localization,resources.assets,2026-09-22,,Building_DecorationFlowerBed_Name,flower_bed
Foragers' Camp,Nahrungssammlerlager,building,,localization,resources.assets,2026-09-22,,Building_ForagersCamp_Name,foragers_camp
Forester's Hut,Waldarbeiterhütte,building,,localization,resources.assets,2026-09-22,,Building_Grove_Name,foresters_hut
Forsaken Altar,Altar der Verlassenen,building,,localization,resources.assets,2026-09-22,,Building_Altar_Name,forsaken_altar
Forum,Forum,building,,localization,resources.assets,2026-09-22,,Building_Forum_Name,forum
Fox House,Fuchshaus,building,,localization,resources.assets,2026-09-22,,Building_FoxHouse_Name,fox_house
Frog House,Froschhaus,building,,localization,resources.assets,2026-09-22,,Building_FrogHouse_Name,frog_house
Furnace,Ofen,building,,localization,resources.assets,2026-09-22,,Building_Furnace_Name,furnace
Garden,Garten,building,,localization,resources.assets,2026-09-22,,Building_Decoration_Garden_Name,garden
Gate,Tor,building,,localization,resources.assets,2026-09-22,,Building_Decoration_Gate_Name,gate
Geyser Pump,Geysirpumpe,building,,localization,resources.assets,2026-09-22,,Building_WaterExtractor_Name,geyser_pump
Giant Fluffbeak,Riesen-Fluffschnabel,building,,localization,resources.assets,2026-09-22,,Building_BiomePoro_Name,giant_fluffbeak
Golden Leaf Plant,Goldblattpflanze,building,,localization,resources.assets,2026-09-22,,Building_DecorationGoldenLeaf_Name,golden_leaf_plant
Granary,Getreidespeicher,building,,localization,resources.assets,2026-09-22,,Building_Granary_Name,granary
Greenhouse,Gewächshaus,building,,localization,resources.assets,2026-09-22,,Building_Greenhouse_Name,greenhouse
Grill,Grill,building,,localization,resources.assets,2026-09-22,,Building_Grill_Name,grill
Guidance Stone,Leitstein,building,,localization,resources.assets,2026-09-22,,Building_Guidestone_Name,guidance_stone
Guild House,Gildenhaus,building,,localization,resources.assets,2026-09-22,,Building_GuildHouse_Name,guild_house
Hallowed Herb Garden,Heiliger Kräutergarten,building,,localization,resources.assets,2026-09-22,,Building_HallowedHerbGarden_Name,hallowed_herb_garden
Hallowed Small Farm,Heilige Kleinfarm,building,,localization,resources.assets,2026-09-22,,Building_HallowedSmallFarm_Name,hallowed_small_farm
Harpy House,Harpyienhaus,building,,localization,resources.assets,2026-09-22,,Building_HarpyHouse_Name,harpy_house
Harvesters' Camp,Erntelager,building,,localization,resources.assets,2026-09-22,,Building_HarvesterCamp_Name,harvesters_camp
Haunted Bat House,Gespenstisches Fledermaushaus,building,,localization,resources.assets,2026-09-22,,Building_HauntedBatHouse_Name,haunted_bat_house
Haunted Beaver House,Gespenstisches Biberhaus,building,,localization,resources.assets,2026-09-22,,Building_HauntedBeaverHouse_Name,haunted_beaver_house
Haunted Brewery,Gespenstische Brauerei,building,,localization,resources.assets,2026-09-22,,Building_HauntedBrewery_Name,haunted_brewery
Haunted Cellar,Gespenstischer Weinkeller,building,,localization,resources.assets,2026-09-22,,Building_HauntedCellar_Name,haunted_cellar
Haunted Cooperage,Gespenstische Küferei,building,,localization,resources.assets,2026-09-22,,Building_HauntedCooperage_Name,haunted_cooperage
Haunted Druid's Hut,Gespenstische Druidenhütte,building,,localization,resources.assets,2026-09-22,,Building_HauntedDruid_Name,haunted_druids_hut
Haunted Fox House,Gespenstisches Fuchshaus,building,,localization,resources.assets,2026-09-22,,Building_HauntedFoxHouse_Name,haunted_fox_house
Haunted Frog House,Gespenstisches Froschhaus,building,,localization,resources.assets,2026-09-22,,Building_HauntedFrogHouse_Name,haunted_frog_house
Haunted Guild House,Gespenstisches Gildenhaus,building,,localization,resources.assets,2026-09-22,,Building_HauntedGuildHouse_Name,haunted_guild_house
Haunted Harpy House,Gespenstisches Harpyienhaus,building,,localization,resources.assets,2026-09-22,,Building_HauntedHarpyHouse_Name,haunted_harpy_house
Haunted Herb Garden,Gespenstischer Kräutergarten,building,,localization,resources.assets,2026-09-22,,Building_HauntedHerbGarden_Name,haunted_herb_garden
Haunted Human House,Gespenstisches Menschenhaus,building,,localization,resources.assets,2026-09-22,,Building_HauntedHumanHouse_Name,haunted_human_house
Haunted Leatherworker,Gespenstischer Lederarbeiter,building,,localization,resources.assets,2026-09-22,,Building_HauntedLeatherworks_Name,haunted_leatherworker
Haunted Lizard House,Gespenstisches Echsenhaus,building,,localization,resources.assets,2026-09-22,,Building_HauntedLizardHouse_Name,haunted_lizard_house
Haunted Market,Gespenstischer Markt,building,,localization,resources.assets,2026-09-22,,Building_HauntedMarket_Name,haunted_market
Haunted Rain Mill,Gespenstische Regenmühle,building,,localization,resources.assets,2026-09-22,,Building_HauntedRainMill_Name,haunted_rain_mill
Haunted Small Farm,Gespenstische Kleinfarm,building,,localization,resources.assets,2026-09-22,,Building_HauntedSmallFarm_Name,haunted_small_farm
Haunted Smelter,Gespenstische Schmelzerei,building,,localization,resources.assets,2026-09-22,,Building_HauntedSmelter_Name,haunted_smelter
Haunted Temple,Gespenstischer Tempel,building,,localization,resources.assets,2026-09-22,,Building_HauntedTemple_Name,haunted_temple
Hearth,Feuerstelle,building,,localization,resources.assets,2026-09-22,,GameUI_BuildingPanel_Tabs_Main_Hearth,hearth
Herb Garden,Kräutergarten,building,,localization,resources.assets,2026-09-22,,Building_HerbGarden_Name,herb_garden
Herbalists' Camp,Kräutersammlerlager,building,,localization,resources.assets,2026-09-22,,Building_HerbalistCamp_Name,herbalists_camp
Holy Guild House,Heiliges Gildenhaus,building,,localization,resources.assets,2026-09-22,,Building_HolyGuildHouse_Name,holy_guild_house
Holy Market,Heiliger Markt,building,,localization,resources.assets,2026-09-22,,Building_HolyMarket_Name,holy_market
Holy Temple,Heiliger Tempel,building,,localization,resources.assets,2026-09-22,,Building_HolyTemple_Name,holy_temple
Homestead,Gehöft,building,,localization,resources.assets,2026-09-22,,Building_Homestead_Name,homestead
Human House,Menschenhaus,building,,localization,resources.assets,2026-09-22,,Building_HumanHouse_Name,human_house
Hydrant,Hydrant,building,,localization,resources.assets,2026-09-22,,Building_Hydrant_Name,hydrant
Industrial Chimney,Industrieller Schlot,building,,localization,resources.assets,2026-09-22,,Building_DecorationWasteland_Name,industrial_chimney
Inscribed Monolith,Gravierter Monolith,building,,localization,resources.assets,2026-09-22,,Building_LoreTablet_Generic_Name,inscribed_monolith
Kiln,Brennofen,building,,localization,resources.assets,2026-09-22,,Building_Kiln_Name,kiln
Lamp,Lampe,building,,localization,resources.assets,2026-09-22,,Building_DecorationLamp_Name,lamp
Leatherworker,Lederarbeiter,building,,localization,resources.assets,2026-09-22,,Building_Leatherworks_Name,leatherworker
Library,Bibliothek,building,,localization,resources.assets,2026-09-22,,Building_Library_Name,library
Lizard House,Echsenhaus,building,,localization,resources.assets,2026-09-22,,Building_LizardHouse_Name,lizard_house
Lizard Post,Echsen-Fahnenstange,building,,localization,resources.assets,2026-09-22,,Building_DecorationLizardPost_Name,lizard_post
Lumber Mill,Sägewerk,building,,localization,resources.assets,2026-09-22,,Building_Lumbermill_Name,lumber_mill
Main Warehouse,Hauptlager,building,,localization,resources.assets,2026-09-22,,Building_MainStorage_Name,main_warehouse
Makeshift Extractor,Behelfsmäßiger Extrahierer,building,,localization,resources.assets,2026-09-22,,Building_Decoration_GroundwaterExtractor_Name,makeshift_extractor
Makeshift Post,Behelfsmäßiger Außenposten,building,,localization,resources.assets,2026-09-22,,Building_MakeshiftPost_Name,makeshift_post
Manorial Court,Gutsgericht,building,,localization,resources.assets,2026-09-22,,Building_BatsShrine_Name,manorial_court
Manufactory,Manufaktur,building,,localization,resources.assets,2026-09-22,,Building_Manufactory_Name,manufactory
Marble Fountain,Marmorbrunnen,building,,localization,resources.assets,2026-09-22,,Building_Decoration_Fountain_Name,marble_fountain
Market,Markt,building,,localization,resources.assets,2026-09-22,,Building_Market_Name,market
Mausoleum,Mausoleum,building,,localization,resources.assets,2026-09-22,,Building_DecorationTomb_Name,mausoleum
Mine,Mine,building,,localization,resources.assets,2026-09-22,,Building_Mine_Name,mine
Monastery,Kloster,building,,localization,resources.assets,2026-09-22,,Building_Monastery_Name,monastery
Monument of Greed,Monument der Gier,building,,localization,resources.assets,2026-09-22,,Building_Decoration_FrogStatue_Name,monument_of_greed
Nightfern,Nachtfarn,building,,localization,resources.assets,2026-09-22,,Building_Decoration_Flower_Name,nightfern
Ornamental Fence,Zierzaun,building,,localization,resources.assets,2026-09-22,,Building_DecorationBatFence_Name,ornamental_fence
Ornamental Fence Corner,Zierzauneck,building,,localization,resources.assets,2026-09-22,,Building_DecorationBatFenceCorner_Name,ornamental_fence_corner
Ornate Column,Schmucksäule,building,,localization,resources.assets,2026-09-22,,Building_Decoration_FrogColumn_Name,ornate_column
Overgrown Fence,Überwucherter Zaun,building,,localization,resources.assets,2026-09-22,,Building_DecorationFoxFence_Name,overgrown_fence
Overgrown Fence Corner,Überwucherte Zaunecke,building,,localization,resources.assets,2026-09-22,,Building_DecorationFoxFenceCorner_Name,overgrown_fence_corner
Overgrown Well,Überwucherter Brunnen,building,,localization,resources.assets,2026-09-22,,Building_Decoration_Well_Name,overgrown_well
Pantry,Vorratskammer,building,,localization,resources.assets,2026-09-22,,Building_Pantry_Name,pantry
Park,Park,building,,localization,resources.assets,2026-09-22,,Building_Decoration_Park_Name,park
Path,Weg,building,,localization,resources.assets,2026-09-22,,Building_Path_Name,path
Paved Road,Gepflasterte Straße,building,,localization,resources.assets,2026-09-22,,Building_StoneRoad_Name,paved_road
Pipe,Rohr,building,,localization,resources.assets,2026-09-22,,Building_DecorationPipe_Name,pipe
Pipe Cross,Rohrkreuzung,building,,localization,resources.assets,2026-09-22,,Building_DecorationPipeCrossing_Name,pipe_cross
Pipe Elbow,Rohrbogen,building,,localization,resources.assets,2026-09-22,,Building_DecorationPipeCorner_Name,pipe_elbow
Pipe Ending,Rohrendstück,building,,localization,resources.assets,2026-09-22,,Building_DecorationPipeEnding_Name,pipe_ending
Pipe T-Connector,Rohr-T-Stück,building,,localization,resources.assets,2026-09-22,,Building_DecorationPipeT_Name,pipe_t_connector
Plantation,Plantage,building,,localization,resources.assets,2026-09-22,,Building_Plantation_Name,plantation
Press,Presse,building,,localization,resources.assets,2026-09-22,,Building_Press_Name,press
Provisioner,Gemischtwarenladen,building,,localization,resources.assets,2026-09-22,,Building_Provisioner_Name,provisioner
Purified Bat House,Gereinigtes Fledermaushaus,building,,localization,resources.assets,2026-09-22,,Building_PurifiedBatHouse_Name,purified_bat_house
Purified Beaver House,Gereinigtes Biberhaus,building,,localization,resources.assets,2026-09-22,,Building_PurgedBeaverHouse_Name,purified_beaver_house
Purified Fox House,Gereinigtes Fuchshaus,building,,localization,resources.assets,2026-09-22,,Building_PurifiedFoxHouse_Name,purified_fox_house
Purified Frog House,Gereinigtes Froschhaus,building,,localization,resources.assets,2026-09-22,,Building_PurgedFrogHouse_Name,purified_frog_house
Purified Harpy House,Gereinigtes Harpyienhaus,building,,localization,resources.assets,2026-09-22,,Building_PurifiedHarpyHouse_Name,purified_harpy_house
Purified Human House,Gereinigtes Menschenhaus,building,,localization,resources.assets,2026-09-22,,Building_PurgedHumanHouse_Name,purified_human_house
Purified Lizard House,Gereinigtes Echsenhaus,building,,localization,resources.assets,2026-09-22,,Building_PurifiedLizardHouse_Name,purified_lizard_house
Rain Collector,Regenkollektor,building,,localization,resources.assets,2026-09-22,,Building_RainCollector_Name,rain_collector
Rain Mill,Regenmühle,building,,localization,resources.assets,2026-09-22,,Building_RainMill_Name,rain_mill
Rainpunk Barrels,Regenpunk-Fässer,building,,localization,resources.assets,2026-09-22,,Building_DecorationRainpunkBarrels_Name,rainpunk_barrels
Rainpunk Foundry,Regenpunk-Gießerei,building,,localization,resources.assets,2026-09-22,,Building_RainpunkFactory_Name,rainpunk_foundry
Ranch,Ranch,building,,localization,resources.assets,2026-09-22,,Building_Ranch_Name,ranch
Reinforced Road,Verstärkte Straße,building,,localization,resources.assets,2026-09-22,,Building_CopperRoad_Name,reinforced_road
Road Sign,Straßenschild,building,,localization,resources.assets,2026-09-22,,Building_DecorationRoadSign_Name,road_sign
Ruins of Noria,Ruinen von Noria,building,,localization,resources.assets,2026-09-22,,Building_RuinsOfNoria_Name,ruins_of_noria
Sacrifice Algae,Algen opfern,building,,localization,resources.assets,2026-09-22,,Building_Hearth_AlgaeEffect_Name,sacrifice_algae
Sacrifice Coal,Kohle opfern,building,,localization,resources.assets,2026-09-22,,Building_Hearth_CoalEffect_Name,sacrifice_coal
Sacrifice Oil,Öl opfern,building,,localization,resources.assets,2026-09-22,,Building_Hearth_OilEffect_Name,sacrifice_oil
Sacrifice Sea Marrow,Seemark opfern,building,,localization,resources.assets,2026-09-22,,Building_Hearth_SeaMarrow_Name,sacrifice_sea_marrow
Sacrifice Wood,Holz opfern,building,,localization,resources.assets,2026-09-22,,Building_Hearth_WoodEffect_Name,sacrifice_wood
Saltwater Pitcher Plant,Salzwasserpflanze,building,,localization,resources.assets,2026-09-22,,Building_Decoration_CoastalGrovePlant_Name,saltwater_pitcher_plant
Scavengers' Camp,Sammlerlager,building,,localization,resources.assets,2026-09-22,,Building_ScavengerCamp_Name,scavengers_camp
Scribe,Schreibhaus,building,,localization,resources.assets,2026-09-22,,Building_Scribe_Name,scribe
Shelter,Unterkunft,building,,localization,resources.assets,2026-09-22,,Building_Shelter_Name,shelter
Signboard,Hinweisschild,building,,localization,resources.assets,2026-09-22,,Building_DecorationSignboard_Name,signboard
Small Farm,Kleinfarm,building,,localization,resources.assets,2026-09-22,,Building_SmallFarm_Name,small_farm
Small Fishing Hut,Kleine Fischerhütte,building,,localization,resources.assets,2026-09-22,,Building_PrimitiveFishingHut_Name,small_fishing_hut
Small Foragers' Camp,Kleines Nahrungssammlerlager,building,,localization,resources.assets,2026-09-22,,Building_PrimitiveForagersCamp_Name,small_foragers_camp
Small Hauler Station,Kleine Frachtführer-Station,building,,localization,resources.assets,2026-09-22,,Building_SmallHaulersBase_Name,small_hauler_station
Small Hearth,Kleine Feuerstelle,building,,localization,resources.assets,2026-09-22,,Building_TemporaryHearth_Name,small_hearth
Small Herbalists' Camp,Kleines Kräutersammlerlager,building,,localization,resources.assets,2026-09-22,,Building_PrimitiveHerbalistCamp_Name,small_herbalists_camp
Small Trappers' Camp,Kleines Trapperlager,building,,localization,resources.assets,2026-09-22,,Building_PrimitiveTrappersCamp_Name,small_trappers_camp
Small Warehouse,Kleines Lagerhaus,building,,localization,resources.assets,2026-09-22,,Building_Storage_Name,small_warehouse
Smelter,Schmelzerei,building,,localization,resources.assets,2026-09-22,,Building_Smelter_Name,smelter
Smithy,Schmiede,building,,localization,resources.assets,2026-09-22,,Building_Smithy_Name,smithy
Smokehouse,Räucherei,building,,localization,resources.assets,2026-09-22,,Building_Smokehouse_Name,smokehouse
Stamping Mill,Pochwerk,building,,localization,resources.assets,2026-09-22,,Building_StampingMill_Name,stamping_mill
Stone Fence,Steinzaun,building,,localization,resources.assets,2026-09-22,,Building_Decoration_FrogFence_Name,stone_fence
Stone Fence Corner,Steinzauneck,building,,localization,resources.assets,2026-09-22,,Building_Decoration_FrogFenceCorner_Name,stone_fence_corner
Stonecutters' Camp,Steinmetzlager,building,,localization,resources.assets,2026-09-22,,Building_StonecuttersCamp_Name,stonecutters_camp
Strider Port,Läuferhafen,building,,localization,resources.assets,2026-09-22,,Building_Port_Name,strider_port
Supplier,Anbieter,building,,localization,resources.assets,2026-09-22,,Building_Supplier_Name,supplier
Syndicate Chest,Syndikatstruhe,building,,localization,resources.assets,2026-09-22,,Building_DecorationSyndicateChest_Name,syndicate_chest
Tavern,Schänke,building,,localization,resources.assets,2026-09-22,,Building_Tavern_Name,tavern
Tea Doctor,Teedoktor,building,,localization,resources.assets,2026-09-22,,Building_TeaDoctor_Name,tea_doctor
Teahouse,Teehaus,building,,localization,resources.assets,2026-09-22,,Building_TeaHouse_Name,teahouse
Tearsap Bamboo Sapling,Tränensaft-Bambus-Schössling,building,,localization,resources.assets,2026-09-22,,Building_DecorationBamboo_Name,tearsap_bamboo_sapling
Temple,Tempel,building,,localization,resources.assets,2026-09-22,,Building_Temple_Name,temple
Thorny Reed,Dornenschilf,building,,localization,resources.assets,2026-09-22,,Building_DecorationScarlet_Name,thorny_reed
Tinctury,Destillerie,building,,localization,resources.assets,2026-09-22,,Building_Tinctury_Name,tinctury
Tinkerer,Tüftler,building,,localization,resources.assets,2026-09-22,,Building_Tinkerer_Name,tinkerer
Toolshop,Werkzeugladen,building,,localization,resources.assets,2026-09-22,,Building_Toolshop_Name,toolshop
Town Board,Anschlagbrett,building,,localization,resources.assets,2026-09-22,,Building_Decoration_Board_Name,town_board
Trading Post,Handelsposten,building,,localization,resources.assets,2026-09-22,,Building_TradingPost_Name,trading_post
Trappers' Camp,Trapperlager,building,,localization,resources.assets,2026-09-22,,Building_TrappersCamp_Name,trappers_camp
Umbrella,Schirm,building,,localization,resources.assets,2026-09-22,,Building_DecorationUmbrella_Name,umbrella
Valve,Ventil,building,,localization,resources.assets,2026-09-22,,Building_DecorationPipeWithValve_Name,valve
Wall,Mauer,building,,localization,resources.assets,2026-09-22,,Building_Decoration_Wall_Name,wall
Wall Corner,Wandecke,building,,localization,resources.assets,2026-09-22,,Building_DecorationWallCorner_Name,wall_corner
Wall Crossing,Wandkreuzung,building,,localization,resources.assets,2026-09-22,,Building_DecorationWallCross_Name,wall_crossing
Water Barrels,Wasserfässer,building,,localization,resources.assets,2026-09-22,,Building_DecorationWaterBarrels_Name,water_barrels
Water Shrine,Wasserschrein,building,,localization,resources.assets,2026-09-22,,Building_Decoration_WaterShrine_Name,water_shrine
Weaver,Weber,building,,localization,resources.assets,2026-09-22,,Building_Weaver_Name,weaver
Woodcutters' Camp,Holzfällerlager,building,,localization,resources.assets,2026-09-22,,Building_WoodcuttersCamp_Name,woodcutters_camp
Workshop,Werkstatt,building,,localization,resources.assets,2026-09-22,,Building_Workshop_Name,workshop
Ancient Relic,Uraltes Relikt,category,,localization,resources.assets,2026-09-22,,BuildingCategory_Relic_Name,ancient_relic
Battlefield Spirit,Seele des Schlachtfelds,category,,localization,resources.assets,2026-09-22,,BuildingCategory_Event_Ghost_Name,battlefield_spirit
Building Materials,Baumaterialien,category,,localization,resources.assets,2026-09-22,,GoodCategory_BuildingMaterials_Name,building_materials
City Buildings,Stadtgebäude,category,,localization,resources.assets,2026-09-22,,BuildingCategory_CityBuildings_Name,city_buildings
Clothing,Kleidung,category,,localization,resources.assets,2026-09-22,,NeedCategory_Clothing_Name,clothing
Complex Food,Komplexe Nahrung,category,,localization,resources.assets,2026-09-22,,NeedCategory_Food_Name,complex_food
Consumable Items,Verbrauchsartikel,category,,localization,resources.assets,2026-09-22,,GoodCategory_ConsumableItems_Name,consumable_items
Crafting Resources,Fertigungsressourcen,category,,localization,resources.assets,2026-09-22,,GoodCategory_CraftingResources_Name,crafting_resources
Decorations,Dekorationen,category,,localization,resources.assets,2026-09-22,,BuildingCategory_Decorations_Name,decorations
Food,Nahrung,category,,localization,resources.assets,2026-09-22,,GoodCategory_Food_Name,food
Food Production,Nahrungsproduktion,category,,localization,resources.assets,2026-09-22,,BuildingCategory_FoodProduction_Name,food_production
Fuel & Exploration,Brennstoff und Erkundung,category,,localization,resources.assets,2026-09-22,,GoodCategory_FuelAndExploration_Name,fuel_exploration
Glade Event,Lichtungsereignis,category,,localization,resources.assets,2026-09-22,,BuildingCategory_Event_Name,glade_event
Housing,Haus,category,,localization,resources.assets,2026-09-22,,BuildingCategory_Housing_Name,housing
Industry,Industrie,category,,localization,resources.assets,2026-09-22,,BuildingCategory_Industry_Name,industry
Others,Andere,category,,localization,resources.assets,2026-09-22,,GoodCategory_Others_Name,others
Raw Food,Rohe Nahrung,category,,localization,resources.assets,2026-09-22,,GoodCategory_RawFood_Name,raw_food
Resource Acquisition,Ressourcenerwerb,category,,localization,resources.assets,2026-09-22,,BuildingCategory_Camps_Name,resource_acquisition
Roads,Straßen,category,,localization,resources.assets,2026-09-22,,BuildingCategory_Roads_Name,roads
Ruin,Ruine,category,,localization,resources.assets,2026-09-22,,BuildingCategory_Ruins_Name,ruin
Services,Dienste,category,,localization,resources.assets,2026-09-22,,NeedCategory_Services_Name,services
Trade Goods,Handelswaren,category,,localization,resources.assets,2026-09-22,,GoodCategory_TradeGoods_Name,trade_goods
Adamantine Seal,Adamantin-Siegel,concept,,localization,resources.assets,2026-09-22,,WorldSeals_23_DisplayName,adamantine_seal
Ale and Hearty,Bier gewinnt,concept,,localization,resources.assets,2026-09-22,,Reward_ReputationForLuxury_Name,ale_and_hearty
Blightrot,Pestfäule,concept,,localization,resources.assets,2026-09-22,,GameUI_BlightPanel_Tooltip_Header,blightrot
Blightrot Cysts,Pestfäulezysten,concept,,localization,resources.assets,2026-09-22,,GameUI_CystSlotTooltip_Header,blightrot_cysts
Blood of the Guardian,Blut des Hüters,concept,,localization,resources.assets,2026-09-22,,Seal_Blood_Name,blood_of_the_guardian
Blood of the Stag,Hirschblut,concept,,localization,resources.assets,2026-09-22,,Seal_Exploration_Blood_Name,blood_of_the_stag
Break Interval,Pausenintervall,concept,,localization,resources.assets,2026-09-22,,GameUI_WikiPopup_Races_TooltipBreakTime_Header,break_interval
Building Blueprints,Gebäude-Entwürfe,concept,,localization,resources.assets,2026-09-22,,Label_MetaReward_Blueprint,building_blueprints
Camp,Lager,concept,,localization,resources.assets,2026-09-22,,Label_Relic_Camp,camp
Clearance Water,Sommerwasser,concept,,localization,resources.assets,2026-09-22,,Water_Clearance_Name,clearance_water
Comfort,Komfort,concept,,localization,resources.assets,2026-09-22,,DecorationTier_1_Name,comfort
Consecrated Scrolls,Geweihte Schriftrollen,concept,,localization,resources.assets,2026-09-22,,Reward_LowerHostilityForEducation_Name,consecrated_scrolls
Consumption Control,Verbrauchssteuerung,concept,,localization,resources.assets,2026-09-22,,MetaReward_ConsumptionControlActivation_Name,consumption_control
Cornerstone,Grundstein,concept,,localization,resources.assets,2026-09-22,,Label_MetaReward_Cornerstone,cornerstone
Cornerstones,Grundsteine,concept,,localization,resources.assets,2026-09-22,,GameUI_Stats_CornerstonesPicked,cornerstones
Crystal Feathers,Kristallfedern,concept,,localization,resources.assets,2026-09-22,,Seal_Trading_Feathers_Name,crystal_feathers
Dangerous Glade,Gefährliche Lichtung,concept,,localization,resources.assets,2026-09-22,,GameUI_DangerIcon_Tooltip_Header,dangerous_glade
Drizzle Water,Nieselregenwasser,concept,,localization,resources.assets,2026-09-22,,Water_Drizzle_Name,drizzle_water
Essence of Corruption,Essenz des Verderbnis,concept,,localization,resources.assets,2026-09-22,,Seal_Industry_Essence_Name,essence_of_corruption
Essence of Wealth,Essenz des Wohlstands,concept,,localization,resources.assets,2026-09-22,,Seal_Trading_Essence_Name,essence_of_wealth
Feathers of the Guardian,Federn des Hüters,concept,,localization,resources.assets,2026-09-22,,Seal_Feathers_Name,feathers_of_the_guardian
Fire Essence,Feueressenz,concept,,localization,resources.assets,2026-09-22,,Seal_Resolve_Essence_Name,fire_essence
Forbidden Essence,Verbotene Essenz,concept,,localization,resources.assets,2026-09-22,,Seal_Exploration_Essence_Name,forbidden_essence
Forbidden Glade,Verbotene Lichtung,concept,,localization,resources.assets,2026-09-22,,GameUI_ForbiddenIcon_Tooltip_Header,forbidden_glade
Forest Mysteries,Waldgeheimnisse,concept,,localization,resources.assets,2026-09-22,,GameUI_InitialSeasonalEffects_Header,forest_mysteries
Forest Mystery,Waldgeheimnis,concept,,localization,resources.assets,2026-09-22,,Label_SeasonalEffect_Generic,forest_mystery
Fuel Reserves,Brennstoffvorrat,concept,,localization,resources.assets,2026-09-22,,GameUI_BuildingPanel_BlightFuelHeader,fuel_reserves
Glade Event,Lichtungsereignis,concept,,localization,resources.assets,2026-09-22,,Label_ResolveEffect_Glade,glade_event
Glade Events,Lichtungsereignisse,concept,,localization,resources.assets,2026-09-22,,GameUI_Stats_Category_Relics,glade_events
Glades,Lichtungen,concept,,localization,resources.assets,2026-09-22,,GameUI_Orders_Logics_GladeDiscovery_Name,glades
Gleeman's Tales,Spielmannsgeschichten,concept,,localization,resources.assets,2026-09-22,,Reward_InstitutionGlobalResolve_Name,gleemans_tales
Golden Blood,Goldenes Blut,concept,,localization,resources.assets,2026-09-22,,Seal_Trading_Blood_Name,golden_blood
Heart of Amber,Bernsteinherz,concept,,localization,resources.assets,2026-09-22,,Seal_Trading_Heart_Name,heart_of_amber
Heart of the Ancient Flame,Herz der uralten Flamme,concept,,localization,resources.assets,2026-09-22,,Seal_Resolve_Heart_Name,heart_of_the_ancient_flame
Heart of the Forest,Herz des Waldes,concept,,localization,resources.assets,2026-09-22,,Seal_Exploration_Heart_Name,heart_of_the_forest
Heart of the Guardian,Herz des Hüters,concept,,localization,resources.assets,2026-09-22,,Seal_Heart_Name,heart_of_the_guardian
Hunger,Hunger,concept,,localization,resources.assets,2026-09-22,,Building_BiomePoro_Needs_Hunger,hunger
Impatience,Ungeduld,concept,,localization,resources.assets,2026-09-22,,Label_Reward_Impatience,impatience
Life Essence of the Guardian,Lebensessenz des Hüters,concept,,localization,resources.assets,2026-09-22,,Seal_Essence_Name,life_essence_of_the_guardian
Loyalty,Loyalität,concept,,localization,resources.assets,2026-09-22,,DecisionTag_Loyalty,loyalty
Market Carts,Marktkarren,concept,,localization,resources.assets,2026-09-22,,Reward_InstitutionGlobalCapacity_Name,market_carts
Mechanical Heart,Mechanisches Herz,concept,,localization,resources.assets,2026-09-22,,Seal_Industry_Heart_Name,mechanical_heart
Metal Feathers,Metallfedern,concept,,localization,resources.assets,2026-09-22,,Seal_Industry_Feathers_Name,metal_feathers
Metallurgic Proficiency,Metallurgische Tüchtigkeit,concept,,localization,resources.assets,2026-09-22,,Reward_MetalProdBoost_Name,metallurgic_proficiency
Mortal Blood,Sterbliches Blut,concept,,localization,resources.assets,2026-09-22,,Seal_Resolve_Blood_Name,mortal_blood
Need,Bedürfnis,concept,,localization,resources.assets,2026-09-22,,Label_ResolveEffect_Need,need
Needs,Bedürfnisse,concept,,localization,resources.assets,2026-09-22,,GameUI_PoroPanel_Needs_Header,needs
Production,Produktion,concept,,localization,resources.assets,2026-09-22,,GameUI_BuildingPanel_Tab_Production,production
Queen's Feathers,Federn der Königin,concept,,localization,resources.assets,2026-09-22,,Seal_Resolve_Feathers_Name,queens_feathers
Rainpunk Engines,Regenpunk-Maschinen,concept,,localization,resources.assets,2026-09-22,,MetaReward_Rainpunk_Name,rainpunk_engines
Reinforced Axes,Verstärkte Äxte,concept,,localization,resources.assets,2026-09-22,,Reward_QuickWoodcutting_Name,reinforced_axes
Reputation,Reputation,concept,,localization,resources.assets,2026-09-22,,Label_Reward_Reputation,reputation
Resolve,Entschlossenheit,concept,,localization,resources.assets,2026-09-22,,GameUI_RaceResolveBarTooltip_MainHeader,resolve
Sacrifice,Opfer,concept,,localization,resources.assets,2026-09-22,,GameUI_HearthPanel_SacrificeHeader,sacrifice
Seasonal Effect,Saisonaler Effekt,concept,,localization,resources.assets,2026-09-22,,Label_ResolveEffect_Seasonal,seasonal_effect
Seasons,Jahreszeiten,concept,,localization,resources.assets,2026-09-22,,GameUI_GameEffects_CategorySeasons,seasons
Smoldering City,Schwelende Stadt,concept,,localization,resources.assets,2026-09-22,,WorldUI_Map_Capital,smoldering_city
Standing Level,Beziehungsstufe,concept,,localization,resources.assets,2026-09-22,,GameUI_Orders_Logics_Standing_Name,standing_level
Storm Water,Sturmwasser,concept,,localization,resources.assets,2026-09-22,,Water_Storm_Name,storm_water
Storm Water Geyser,Sturmwasser-Geysir,concept,,localization,resources.assets,2026-09-22,,Spring_SmallSpring_Storm_Name,storm_water_geyser
Stormbird Feathers,Sturmvogelfedern,concept,,localization,resources.assets,2026-09-22,,Seal_Exploration_Feathers_Name,stormbird_feathers
Surprise Child,Überraschungskind,concept,,localization,resources.assets,2026-09-22,,Reward_AccidentalLizard_Name,surprise_child
Synthetic Blood,Synthetisches Blut,concept,,localization,resources.assets,2026-09-22,,Seal_Industry_Blood_Name,synthetic_blood
The Crown Chronicles,Die Kronenchronik,concept,,localization,resources.assets,2026-09-22,,Reward_InstitutionResolveForRuins_Name,the_crown_chronicles
The Green Brew,Grünbräu,concept,,localization,resources.assets,2026-09-22,,Reward_InstitutionLowerHostility_Name,the_green_brew
The Guild's Welfare,Wohlergehen der Gilde,concept,,localization,resources.assets,2026-09-22,,Reward_InstitutionResolveForSales_Name,the_guilds_welfare
Timed Orders,Aufträge mit Zeitlimit,concept,,localization,resources.assets,2026-09-22,,MetaReward_TimedOrdersActivation_Name,timed_orders
Trade,Handel,concept,,localization,resources.assets,2026-09-22,,StorageOperation_Trade_Name,trade
Trade Route,Handelsweg,concept,,localization,resources.assets,2026-09-22,,Label_Reward_TradeRoute,trade_route
Upgrade,Upgrade,concept,,localization,resources.assets,2026-09-22,,GameUI_AltarPanel_PickButton_Upgrade,upgrade
Viceroy's Quarters,Persönliches Quartier,concept,,localization,resources.assets,2026-09-22,,MetaReward_CitadelHomeUnlock_Name,viceroys_quarters
Villagers,Dorfbewohner,concept,,localization,resources.assets,2026-09-22,,Label_MetaReward_Villagers,villagers
"10 <sprite name=""[tools] simple tools""> Tools","10 <sprite name=""[tools] simple tools""> Werkzeuge",effect,,localization,resources.assets,2026-09-22,,Effect_GoodsPassive_Lizards_Name,10_sprite_name_tools_simple_tools_tools
"50 <sprite name=""[needs] coats""> Coats","50 <sprite name=""[needs] coats""> Mäntel",effect,,localization,resources.assets,2026-09-22,,Effect_GoodsPassive_Harpies_Name,50_sprite_name_needs_coats_coats
Abandoned Settlement,Verlassene Siedlung,effect,,localization,resources.assets,2026-09-22,,ModifierEffect_AbandonedSettlement_Name,abandoned_settlement
Absorption,Absorption,effect,,localization,resources.assets,2026-09-22,,SeasonalEffect_ResistantCysts_Name,absorption
Acid Rain,Säureregen,effect,,localization,resources.assets,2026-09-22,,ConditionalNeedEffect_BuildingMaterialsProdLess_Name,acid_rain
Acidic Environment,Saure Umgebung,effect,,localization,resources.assets,2026-09-22,,ResolveEffect_AcidicEnvironment_Name,acidic_environment
Adjustment Period,Übergangszeit,effect,,localization,resources.assets,2026-09-22,,Effect_MoreTradeOffers_Child_Name,adjustment_period
Advent of Flame,Beginn der Flamme,effect,,localization,resources.assets,2026-09-22,,Effect_AdventofFlame_Name,advent_of_flame
Aftermath,Nachwirkungen,effect,,localization,resources.assets,2026-09-22,,Effect_BlightBomb_Blightrot_Name,aftermath
Agitated Swarm,Aufgeregter Schwarm,effect,,localization,resources.assets,2026-09-22,,Effect_TermiteBurrowMaterials_Name,agitated_swarm
Airbender,Luftmagier,effect,,localization,resources.assets,2026-09-22,,Effect_FishmenMysteries_Name,airbender
Alarm Bells,Alarmglocken,effect,,localization,resources.assets,2026-09-22,,Effect_AlarmBells_Name,alarm_bells
Alluring Lights,Verführerische Lichter,effect,,localization,resources.assets,2026-09-22,,ConditionalNeedEffect_DeadlyLights_Name,alluring_lights
Amphibian Leadership,Amphibische Führung,effect,,localization,resources.assets,2026-09-22,,Effect_FrogNewcomerBonus_Name,amphibian_leadership
Ancient Artifact,Uraltes Artefakt,effect,,localization,resources.assets,2026-09-22,,ResolveEffect_AncientArtifact_Name,ancient_artifact
Ancient Battleground,Antikes Schlachtfeld,effect,,localization,resources.assets,2026-09-22,,ModifierEffect_InitialHostility_Name,ancient_battleground
Ancient Practices,Uralte Bräuche,effect,,localization,resources.assets,2026-09-22,,Effect_ExtraProductionForRelicsResolved_Name,ancient_practices
Ancient Spire,Uralter Turm,effect,,localization,resources.assets,2026-09-22,,ModifierEffect_RandomSeasonDuration_Name,ancient_spire
Ancient Strength,Uralte Kraft,effect,,localization,resources.assets,2026-09-22,,Effect_CarryMoreForTablets_Name,ancient_strength
Ancient Ways,Uralte Sitten,effect,,localization,resources.assets,2026-09-22,,Effect_InstitutionCampsProduction_Name,ancient_ways
Armed to the Teeth,Bis an die Zähne bewaffnet,effect,,localization,resources.assets,2026-09-22,,ResolveEffect_LizardResolveTrainingGear_Name,armed_to_the_teeth
Atrium,Atrium,effect,,localization,resources.assets,2026-09-22,,EffectModel_FrogHouseNewcomerBonus_Name,atrium
Aura of Despair,Aura der Verzweiflung,effect,,localization,resources.assets,2026-09-22,,ConditionalNeedEffect_RepFromResolveBlock_Name,aura_of_despair
Aura of Fear,Aura der Furcht,effect,,localization,resources.assets,2026-09-22,,Effect_GatherProductionSpeed50_Name,aura_of_fear
Aura of Peace,Aura des Friedens,effect,,localization,resources.assets,2026-09-22,,SeasonalEffect_SpringEvents_Name,aura_of_peace
Aurora,Aurora,effect,,localization,resources.assets,2026-09-22,,ConditionalNeedEffect_Aurora_Name,aurora
Awakening,Erweckung,effect,,localization,resources.assets,2026-09-22,,Effect_Awakening_Name,awakening
Badge of Courage,Emblem des Muts,effect,,localization,resources.assets,2026-09-22,,Effect_ImpatienceForGlade_Name,badge_of_courage
Bandit Camp,Banditenlager,effect,,localization,resources.assets,2026-09-22,,ModifierEffect_TradeBlock_Name,bandit_camp
Baptism of Fire,Feuertaufe,effect,,localization,resources.assets,2026-09-22,,Effect_BurntCysts_lower_hostility_for_blocked_sacrifice_Name,baptism_of_fire
Barren Lands,Unfruchtbares Land,effect,,localization,resources.assets,2026-09-22,,ModifierEffect_NoGrass_Name,barren_lands
Basic Housing,Einfaches Haus,effect,,localization,resources.assets,2026-09-22,,ResolveEffect_AnyHousingEffect_Name,basic_housing
Bat Clan Support,Fledermausclan-Unterstützung,effect,,localization,resources.assets,2026-09-22,,ResolveEffect_BatFactionSupport_Name,bat_clan_support
Bat Housing,Fledermaushaus,effect,,localization,resources.assets,2026-09-22,,ResolveEffect_BatHousingEffect_Name,bat_housing
Beaver Housing,Biberhaus,effect,,localization,resources.assets,2026-09-22,,ResolveEffect_BeaverHousingEffect_Name,beaver_housing
Beavers Clan Support,Unterstützung der Biberfraktion,effect,,localization,resources.assets,2026-09-22,,ResolveEffect_BeaversFactionSupport_Name,beavers_clan_support
Bed and Breakfast,Frühstückspension,effect,,localization,resources.assets,2026-09-22,,Effect_TraderPriceForHubLevel_Name,bed_and_breakfast
Biscuits,Kekse,effect,,localization,resources.assets,2026-09-22,,ResolveEffect_BiscuitsEffect_Name,biscuits
Bitter Rain,Bitterer Regen,effect,,localization,resources.assets,2026-09-22,,ConditionalNeedEffect_BitterRain_Name,bitter_rain
Blazing Amber,Brennender Bernstein,effect,,localization,resources.assets,2026-09-22,,Effect_BlazingAmber_Name,blazing_amber
Blazing Fire (Coal),Loderndes Feuer (Kohle),effect,,localization,resources.assets,2026-09-22,,ResolveEffect_BlazingFire(Coal)_Name,blazing_fire_coal
Blazing Fire (Oil),Loderndes Feuer (Öl),effect,,localization,resources.assets,2026-09-22,,ResolveEffect_BlazingFire(GlowOil)_Name,blazing_fire_oil
Blazing Fire (Sea Marrow),Loderndes Feuer (Seemark),effect,,localization,resources.assets,2026-09-22,,ResolveEffect_BlazingFire(SeaMarrow)_Name,blazing_fire_sea_marrow
Blazing Fire (Wood),Loderndes Feuer (Holz),effect,,localization,resources.assets,2026-09-22,,ResolveEffect_BlazingFire(Wood)_Name,blazing_fire_wood
Bleeding Trees,Blutende Bäume,effect,,localization,resources.assets,2026-09-22,,ConditionalNeedEffect_ResinForWood_Name,bleeding_trees
Blight Extractor,Pestfäuleextraktor,effect,,localization,resources.assets,2026-09-22,,Effect_Infected_building_production_for_hostility_Name,blight_extractor
Blight Filter,Pestfäulefilter,effect,,localization,resources.assets,2026-09-22,,Effect_BlightRateforResolveReputation_Name,blight_filter
Blight Incantation,Anrufung der Fäule,effect,,localization,resources.assets,2026-09-22,,Effect_Incantation_Name,blight_incantation
Blight Swarm,Fäuleschwarm,effect,,localization,resources.assets,2026-09-22,,Effect_CystsSpawn_Name,blight_swarm
Blight from the Sky,Fäule vom Himmel,effect,,localization,resources.assets,2026-09-22,,SeasonalEffect_YearlyCysts_Name,blight_from_the_sky
Blightrot Infection,Pestfäule-Infektion,effect,,localization,resources.assets,2026-09-22,,SeasonalEffect_DeathBlightrot_Name,blightrot_infection
Blightrot Mutation,Pestfäule-Mutation,effect,,localization,resources.assets,2026-09-22,,SeasonalEffect_BlightMutation_Name,blightrot_mutation
Blightrot Outbreak,Pestfäuleausbruch,effect,,localization,resources.assets,2026-09-22,,Effect_Outbreak_Name,blightrot_outbreak
Blightrot Pruner,Pestfäulemesser,effect,,localization,resources.assets,2026-09-22,,Effect_EggsForCysts_Name,blightrot_pruner
Blood Flower,Blutblume,effect,,localization,resources.assets,2026-09-22,,Effect_BlightrotResolve_Name,blood_flower
Blood Sorcery,Blutzauber,effect,,localization,resources.assets,2026-09-22,,Effect_FishmenSoothsayerPlague_Name,blood_sorcery
Blood for Blood,Blut für Blut,effect,,localization,resources.assets,2026-09-22,,Effect_GhostKill_Generic_Name,blood_for_blood
Book of Water,Wasserbuch,effect,,localization,resources.assets,2026-09-22,,Effect_WaterCritForFishing_Name,book_of_water
Boots,Stiefel,effect,,localization,resources.assets,2026-09-22,,ResolveEffect_BootsEffect_Name,boots
Borrowed Time,Geborgte Zeit,effect,,localization,resources.assets,2026-09-22,,Effect_FrogGracePeriod_Name,borrowed_time
Box Crib,Auszimmerung,effect,,localization,resources.assets,2026-09-22,,Effect_BoxCrib_Name,box_crib
Brawling,Schlägereien,effect,,localization,resources.assets,2026-09-22,,ResolveEffect_BloodthirstEffect_Name,brawling
Breadwinner,Brotverdiener,effect,,localization,resources.assets,2026-09-22,,Effect_BiomePoroProductivity_Name,breadwinner
Budget Cuts,Budgetkürzungen,effect,,localization,resources.assets,2026-09-22,,Effect_FewerInitialBlueprints_Name,budget_cuts
Buried Riches,Vergrabene Reichtümer,effect,,localization,resources.assets,2026-09-22,,Effect_BuriedRiches_Name,buried_riches
Burnt to a Crisp,Vollkommen verkohlt,effect,,localization,resources.assets,2026-09-22,,Effect_CoalForCysts_Name,burnt_to_a_crisp
Bustling Town,Geschäftige Stadt,effect,,localization,resources.assets,2026-09-22,,Effect_ResolveForStartedRoute_Child_Name,bustling_town
Calm Lands,Stille Lande,effect,,localization,resources.assets,2026-09-22,,Effect_CalmLands_Name,calm_lands
Calming Water,Beruhigendes Wasser,effect,,localization,resources.assets,2026-09-22,,Effect_HostilityForWater_Name,calming_water
Calming the Forest,Waldbefriedung,effect,,localization,resources.assets,2026-09-22,,Effect_HostilityforDangerousRelics_Name,calming_the_forest
Canopy,Kronendach,effect,,localization,resources.assets,2026-09-22,,EffectModel_HarpyHousesUniqueBonus_Name,canopy
Captain's Curse,Fluch des Kapitäns,effect,,localization,resources.assets,2026-09-22,,Effect_CaptainCurse_Name,captains_curse
Caravan Member Loss,Ein Karawanenmitglied weniger,effect,,localization,resources.assets,2026-09-22,,CycleEffect_Villagers_GenericLoss1_Name,caravan_member_loss
Caravan Wagons,Karawanenwagen,effect,,localization,resources.assets,2026-09-22,,CycleEffect_EmbarkRange_Name,caravan_wagons
Carnivorous Tradition,Fleischfressertradition,effect,,localization,resources.assets,2026-09-22,,Effect_InstitutionMoreResolveFromMeat_Name,carnivorous_tradition
Carved in Stone,In Stein gemeißelt,effect,,localization,resources.assets,2026-09-22,,Effect_WorkingTimeforTablets_Name,carved_in_stone
Cellar,Weinkeller,effect,,localization,resources.assets,2026-09-22,,EffectModel_LizardHousesUniqueBonus_Name,cellar
Chaos,Chaos,effect,,localization,resources.assets,2026-09-22,,Effect_Chaos_Name,chaos
Charged Rain,"""Aufgeladener"" Regen",effect,,localization,resources.assets,2026-09-22,,ConditionalNeedEffect_ToxicRain_Name,charged_rain
Cheap Construction,Niedrige Baukosten,effect,,localization,resources.assets,2026-09-22,,Effect_ConstructionCostForNodes_Name,cheap_construction
City Renown,Stadtruf,effect,,localization,resources.assets,2026-09-22,,ResolveEffect_CityRenown_Name,city_renown
City of Wonders,Stadt der Wunder,effect,,localization,resources.assets,2026-09-22,,Effect_FrogForUpgrade_Name,city_of_wonders
Cleanliness,Sauberkeit,effect,,localization,resources.assets,2026-09-22,,ResolveEffect_CleanlinessEffect_Name,cleanliness
Cloaked Wanderer's Vengeance,Die Rache des verhüllten Wandersmanns,effect,,localization,resources.assets,2026-09-22,,Effect_CloakedWandererVengeance_Name,cloaked_wanderers_vengeance
Cloudburst,Wolkenbruch,effect,,localization,resources.assets,2026-09-22,,ConditionalNeedEffect_Cloudburst_Name,cloudburst
Coats,Mäntel,effect,,localization,resources.assets,2026-09-22,,ResolveEffect_ClothesEffect_Name,coats
Cold Flame,Kalte Flamme,effect,,localization,resources.assets,2026-09-22,,Effect_ColdFlame_Name,cold_flame
Cold Front,Kaltfront,effect,,localization,resources.assets,2026-09-22,,ConditionalNeedEffect_ColdFront_Name,cold_front
Cold Snap,Kälteeinbruch,effect,,localization,resources.assets,2026-09-22,,ConditionalNeedEffect_ColdSnapI_Name,cold_snap
Collapse,Einsturz,effect,,localization,resources.assets,2026-09-22,,Effect_LightningPayment_Penalty_Name,collapse
Combustion,Verbrennung,effect,,localization,resources.assets,2026-09-22,,Effect_WildfireFuel_Name,combustion
Consumerism,Konsumismus,effect,,localization,resources.assets,2026-09-22,,Effect_HigherNeedsConsumptionRate_Name,consumerism
Contaminated Food,Kontaminiertes Essen,effect,,localization,resources.assets,2026-09-22,,Effect_FoodProductionSpeed50_Name,contaminated_food
Contraband,Schmuggelware,effect,,localization,resources.assets,2026-09-22,,Effect_WildcardPickTrader_Name,contraband
Corrosive Rainfall,Ätzender Regen,effect,,localization,resources.assets,2026-09-22,,ConditionalNeedEffect_LessMetalProduced_Name,corrosive_rainfall
Corrosive Torrent,Ätzender Strom,effect,,localization,resources.assets,2026-09-22,,ModifierEffect_NoGoodsRefund_Name,corrosive_torrent
Counterfeit Amber,Gefälschter Bernstein,effect,,localization,resources.assets,2026-09-22,,Effect_AmberForWater_Name,counterfeit_amber
Creeping Fishmen,Schleichende Fischmenschen,effect,,localization,resources.assets,2026-09-22,,Effect_FishmenOutpostResolve_Name,creeping_fishmen
Creeping Shadows,Drohende Schatten,effect,,localization,resources.assets,2026-09-22,,SeasonalEffect_CreepingShadows_Name,creeping_shadows
Cricket Mating Grounds,Grillen-Paarungsgebiet,effect,,localization,resources.assets,2026-09-22,,SeasonalEffect_Insects30_Name,cricket_mating_grounds
Crimson Rainfall,Purpurroter Regen,effect,,localization,resources.assets,2026-09-22,,ConditionalNeedEffect_InkInCollector_Name,crimson_rainfall
Crumbling Seal,Bröckelndes Siegel,effect,,localization,resources.assets,2026-09-22,,Effect_CrumblingSeal_Name,crumbling_seal
Curse of the Forefathers,Fluch der Vorfahren,effect,,localization,resources.assets,2026-09-22,,Effect_ShrineKill_Name,curse_of_the_forefathers
Cursed Rain,Verfluchter Regen,effect,,localization,resources.assets,2026-09-22,,SeasonalEffect_CursedLand_Name,cursed_rain
Dangerous Lands,Gefährliche Länder,effect,,localization,resources.assets,2026-09-22,,ModifierEffect_DangerousLands_Name,dangerous_lands
Dark Mist,Dunkler Nebel,effect,,localization,resources.assets,2026-09-22,,Effect_DarkMist_Name,dark_mist
Darkest Shadows,Dunkelste Schatten,effect,,localization,resources.assets,2026-09-22,,Effect_GhostHostility_Name,darkest_shadows
Deadly Spores,Tödliche Sporen,effect,,localization,resources.assets,2026-09-22,,ConditionalNeedEffect_DeadlySpores_Name,deadly_spores
Death and Decay,Tod und Verfall,effect,,localization,resources.assets,2026-09-22,,ConditionalNeedEffect_BlightrotAfterDeath_Name,death_and_decay
Death from Beyond,Tod aus dem Jenseits,effect,,localization,resources.assets,2026-09-22,,Effect_DarkGateKill_Name,death_from_beyond
Decay,Fäulnis,effect,,localization,resources.assets,2026-09-22,,Effect_ReplaceBlightrot_Name,decay
Decaying Food,Faulendes Essen,effect,,localization,resources.assets,2026-09-22,,Effect_RemoveFoodOverTime_Blightrot_Name,decaying_food
Decryption,Entschlüsselung,effect,,localization,resources.assets,2026-09-22,,Effect_HostilityForTablets_Name,decryption
Dedication,Hingabe,effect,,localization,resources.assets,2026-09-22,,Effect_BatsResolveForDeaths_Name,dedication
Defenseless,Wehrlos,effect,,localization,resources.assets,2026-09-22,,Effect_ConvictsResolve_Name,defenseless
Degradation,Verfall,effect,,localization,resources.assets,2026-09-22,,Effect_PetrifiedTreeHousing_Name,degradation
Demonic Hunger,Dämonischer Hunger,effect,,localization,resources.assets,2026-09-22,,Effect_GargoleKillVillager_Name,demonic_hunger
Desecrator,Schänder,effect,,localization,resources.assets,2026-09-22,,Effect_Desecrator_Name,desecrator
Desperate Prayers,Verzweifelte Gebete,effect,,localization,resources.assets,2026-09-22,,Effect_GargoleHolstility_Name,desperate_prayers
Devastating Storms,Verheerende Stürme,effect,,localization,resources.assets,2026-09-22,,ResolveEffect_DevastatingStorms_Name,devastating_storms
Devastation,Verwüstung,effect,,localization,resources.assets,2026-09-22,,ConditionalNeedEffect_1BuildingDestroyed_Name,devastation
Diligence,Fleiß,effect,,localization,resources.assets,2026-09-22,,Effect_BatsShrineGlobalExtraProd_Name,diligence
Dire Blight,Grauenhafte Fäule,effect,,localization,resources.assets,2026-09-22,,Effect_BlightrotHigh_Name,dire_blight
Disappearance,Verschwinden,effect,,localization,resources.assets,2026-09-22,,ConditionalNeedEffect_WoodPaymentForVillagers_Penalty_Name,disappearance
Disgrace,Schande,effect,,localization,resources.assets,2026-09-22,,Effect_Disgrace_Name,disgrace
Distant Howling,Fernes Gejaule,effect,,localization,resources.assets,2026-09-22,,Effect_TW_Hostility_Name,distant_howling
Disturbing the Dead,Störung der Totenruhe,effect,,localization,resources.assets,2026-09-22,,Effect_HostilityForTree_Name,disturbing_the_dead
Downpour,Platzregen,effect,,localization,resources.assets,2026-09-22,,ConditionalNeedEffect_Downpour_Name,downpour
Drafting Table,Reißbrett,effect,,localization,resources.assets,2026-09-22,,EffectModel_FrogHouseBuildingMatSpeed_Name,drafting_table
Drenched,Durchnässt,effect,,localization,resources.assets,2026-09-22,,ResolveEffect_SoakedClothes_Name,drenched
Drizzle Anomaly,Nieselregen-Anomalie,effect,,localization,resources.assets,2026-09-22,,SeasonalEffect_DrizzleWaterPerMinute_Name,drizzle_anomaly
Drowsiness,Schläfrigkeit,effect,,localization,resources.assets,2026-09-22,,Effect_ToxicSlug_ShorterBreakInterval_Name,drowsiness
Drylands,Trockengebiet,effect,,localization,resources.assets,2026-09-22,,ModifierEffect_NoGeysers_Name,drylands
Dullahan's Legacy,Dullahans Vermächtnis,effect,,localization,resources.assets,2026-09-22,,Effect_OverrideTraderMerch_Name,dullahans_legacy
Earthquake,Erdbeben,effect,,localization,resources.assets,2026-09-22,,Effect_MoleEarthquake_Name,earthquake
Eclipse,Finsternis,effect,,localization,resources.assets,2026-09-22,,ConditionalNeedEffect_Eclipse_Name,eclipse
Education,Bildung,effect,,localization,resources.assets,2026-09-22,,ResolveEffect_EducationEffect_Name,education
Eerie Song,Unheimliches Lied,effect,,localization,resources.assets,2026-09-22,,ConditionalNeedEffect_EerieSong_Name,eerie_song
Effective Parasite,Effektiver Parasit,effect,,localization,resources.assets,2026-09-22,,Effect_EffectiveParasite_Name,effective_parasite
Enemy of the Forest,Feind des Waldes,effect,,localization,resources.assets,2026-09-22,,Effect_HostilityForGladeTrader_Name,enemy_of_the_forest
Engine Corrosion,Maschinenkorrosion,effect,,localization,resources.assets,2026-09-22,,Effect_EngineCorrosion_Name,engine_corrosion
Escape,Fliehen,effect,,localization,resources.assets,2026-09-22,,Effect_Escape_Name,escape
Escaping the Shadows,Flucht aus den Schatten,effect,,localization,resources.assets,2026-09-22,,Effect_SaveVillagersForAncientTablets_Name,escaping_the_shadows
Euphoric Vapors,Euphorische Dämpfe,effect,,localization,resources.assets,2026-09-22,,ConditionalNeedEffect_EuphoricVapours_Name,euphoric_vapors
Exile,Exil,effect,,localization,resources.assets,2026-09-22,,Effect_BatsBanish_Name,exile
Expensive Lottery,Teure Lotterie,effect,,localization,resources.assets,2026-09-22,,Effect_HigherBlueprintsRerollCost_Name,expensive_lottery
Explorers' Boredom,Langeweile der Erkunder,effect,,localization,resources.assets,2026-09-22,,ResolveEffect_ExplorersBoredom_Name,explorers_boredom
Exposed Resources,Freigelegte Ressourcen,effect,,localization,resources.assets,2026-09-22,,SeasonalEffect_ProductiveMine_Name,exposed_resources
Extreme Noise,Extremer Lärm,effect,,localization,resources.assets,2026-09-22,,ResolveEffect_ExtremeNoise_Name,extreme_noise
Failed Obligation,Aufgabe nicht erfüllt,effect,,localization,resources.assets,2026-09-22,,Effect_Status_WorldEventFailed_Name,failed_obligation
Faint Flame,Schwache Flamme,effect,,localization,resources.assets,2026-09-22,,SeasonalEffect_StormSacrifice_Name,faint_flame
Fallen Brethren,Gefallene Brüder,effect,,localization,resources.assets,2026-09-22,,ResolveEffect_BattlegroundPenalty_Name,fallen_brethren
Family Gratitude,Dankbare Familien,effect,,localization,resources.assets,2026-09-22,,Effect_FamiliesGratitude_Name,family_gratitude
Famine Outbreaks,Hungersnöte,effect,,localization,resources.assets,2026-09-22,,Effect_AscensionHungerMultiplier_Name,famine_outbreaks
Farmer's Pride,Bauernstolz,effect,,localization,resources.assets,2026-09-22,,Effect_Biome_FarmsExtraProductionForFertilizer_Name,farmers_pride
Farsight,Weitsicht,effect,,localization,resources.assets,2026-09-22,,Effect_WorkingSpeedForSmallGlade_Name,farsight
Favoring,Begünstigend,effect,,localization,resources.assets,2026-09-22,,ResolveEffect_FavoringEffect_Name,favoring
Fear of the Wilds,Angst vor der Wildnis,effect,,localization,resources.assets,2026-09-22,,Effect_CaravanResolve_Name,fear_of_the_wilds
Fermented Rain,Fermentierter Regen,effect,,localization,resources.assets,2026-09-22,,SeasonalEffect_TastyRain_Name,fermented_rain
Fertile Grounds,Fruchtbare Böden,effect,,localization,resources.assets,2026-09-22,,ModifierEffect_AdditionalGrass_Name,fertile_grounds
Festive Mood,Festliche Stimmung,effect,,localization,resources.assets,2026-09-22,,Effect_FallenViceroyCommemoration_Name,festive_mood
Field Test,Feldtest,effect,,localization,resources.assets,2026-09-22,,Effect_BlightBomb_Explosion_Name,field_test
Finders Keepers,Finderlohn,effect,,localization,resources.assets,2026-09-22,,SeasonalEffect_SpringRoutes_Name,finders_keepers
Firekeeper Letters,Briefe der Feuerwärter,effect,,localization,resources.assets,2026-09-22,,Effect_SacrificeStackForTrade_Name,firekeeper_letters
Firekeeper's Armor,Rüstung des Feuerwärters,effect,,localization,resources.assets,2026-09-22,,Effect_HearthCorruptionRate_Name,firekeepers_armor
Firekeeper's Prayer,Gebet des Feuerwärters,effect,,localization,resources.assets,2026-09-22,,Effect_RelicTimeReduction_Name,firekeepers_prayer
Fishmen Ritual Site,Rituelle Stätte der Fischmenschen,effect,,localization,resources.assets,2026-09-22,,ModifierEffect_NoOrders_Name,fishmen_ritual_site
Fishmen Rituals,Fischmenschenrituale,effect,,localization,resources.assets,2026-09-22,,Effect_LongStormTotem_Name,fishmen_rituals
Fishmen Traps,Fischmenschenfallen,effect,,localization,resources.assets,2026-09-22,,Effect_FishmenTraps_Name,fishmen_traps
Flooded Mines,Geflutete Minen,effect,,localization,resources.assets,2026-09-22,,ModifierEffect_HostilityPeople_Name,flooded_mines
Flooded Roads,Überflutete Straßen,effect,,localization,resources.assets,2026-09-22,,SeasonalEffect_TradeRouteStorm_Name,flooded_roads
Flooding,Überschwemmung,effect,,localization,resources.assets,2026-09-22,,Effect_RainTotemRoads_Name,flooding
Fog,Nebel,effect,,localization,resources.assets,2026-09-22,,ConditionalNeedEffect_Fog_Name,fog
Forbidden Lands,Verbotene Länder,effect,,localization,resources.assets,2026-09-22,,ModifierEffect_ForbiddenLands_Name,forbidden_lands
Forbidden Ritual,Verbotenes Ritual,effect,,localization,resources.assets,2026-09-22,,Effect_RelicRitual_Name,forbidden_ritual
Forbidden Seal Shard,Verbotener Siegelsplitter,effect,,localization,resources.assets,2026-09-22,,Effect_ExtraProductionForCorruption_Name,forbidden_seal_shard
Forbidden Tools,Verbotene Werkzeuge,effect,,localization,resources.assets,2026-09-22,,Effect_ToolsforHostility_Name,forbidden_tools
Force of Nature,Naturgewalt,effect,,localization,resources.assets,2026-09-22,,Effect_StormWaterForWoodcutters_Name,force_of_nature
Forced Improvisation,Erzwungene Improvisation,effect,,localization,resources.assets,2026-09-22,,ResolveEffect_ForcedImprovisation_Name,forced_improvisation
Forced Sacrifice,Zwangsopfer,effect,,localization,resources.assets,2026-09-22,,Effect_TempleAllLuxuryLost_Name,forced_sacrifice
Forest Offerings,Waldgaben,effect,,localization,resources.assets,2026-09-22,,SeasonalEffect_GoodsForSolvedRelics_Name,forest_offerings
Forgiving Crown,Nachsichtige Krone,effect,,localization,resources.assets,2026-09-22,,SeasonalEffect_GiftForReputation_Name,forgiving_crown
Forsaken Gods Temple,Tempel der Verlassenen Götter,effect,,localization,resources.assets,2026-09-22,,ModifierEffect_NoLeaving_Name,forsaken_gods_temple
Foul Taste,Widerlicher Geschmack,effect,,localization,resources.assets,2026-09-22,,Effect_CauldronResolve_Name,foul_taste
Fox Housing,Fuchshaus,effect,,localization,resources.assets,2026-09-22,,ResolveEffect_FoxesHousingEffect_Name,fox_housing
Fox Pack Support,Fuchsrudel-Unterstützung,effect,,localization,resources.assets,2026-09-22,,ResolveEffect_FoxesFactionSupport_Name,fox_pack_support
Frequent Caravans,Regelmäßige Karawanen,effect,,localization,resources.assets,2026-09-22,,Effect_ResolveForStartedRoute_Name,frequent_caravans
Frequent Patrols,Regelmäßige Patrouillen,effect,,localization,resources.assets,2026-09-22,,Effect_Hostilityforrelics_Name,frequent_patrols
Fresh Breeze,Frische Brise,effect,,localization,resources.assets,2026-09-22,,ConditionalNeedEffect_FreshBreeze_Name,fresh_breeze
Friend or Foe,Freund oder Feind,effect,,localization,resources.assets,2026-09-22,,Effect_CystForHostility_Name,friend_or_foe
Frightening Visions,Furchterregende Visionen,effect,,localization,resources.assets,2026-09-22,,Effect_FrighteningVisions_Name,frightening_visions
Frog Clan Support,Froschclan-Unterstützung,effect,,localization,resources.assets,2026-09-22,,ResolveEffect_FrogsFactionSupport_Name,frog_clan_support
Frog Housing,Froschunterkünfte,effect,,localization,resources.assets,2026-09-22,,ResolveEffect_FrogHousingEffect_Name,frog_housing
From the Shadows,Aus den Schatten,effect,,localization,resources.assets,2026-09-22,,Effect_VillagersForCorruption_Name,from_the_shadows
Frosts,Frost,effect,,localization,resources.assets,2026-09-22,,ModifierEffect_Frosts_Name,frosts
Fruitful Season,Erntezeit,effect,,localization,resources.assets,2026-09-22,,ConditionalNeedEffect_SpeedGathering_Name,fruitful_season
Frustrated,Frustriert,effect,,localization,resources.assets,2026-09-22,,ResolveEffect_Frustrated_Name,frustrated
Fuel Donation,Brennstoffspende,effect,,localization,resources.assets,2026-09-22,,Effect_WE_RemoveFuel_Name,fuel_donation
Fuel Rods,Brennstäbe,effect,,localization,resources.assets,2026-09-22,,Effect_FuelRodActivation_Name,fuel_rods
Full Goblets,Volle Kelche,effect,,localization,resources.assets,2026-09-22,,ResolveEffect_BeaverResolveWine_Name,full_goblets
Full Stock,Volle Lager,effect,,localization,resources.assets,2026-09-22,,Effect_TradeRouteSpeedforPacks_Name,full_stock
Gate Presence,Tor-Präsenz,effect,,localization,resources.assets,2026-09-22,,Effect_DarkGateResolve_Name,gate_presence
Gathering Knowledge,Wissen sammeln,effect,,localization,resources.assets,2026-09-22,,Effect_MarshlandsGathererSpeed_Name,gathering_knowledge
Gathering Storm,Ein Sturm zieht auf,effect,,localization,resources.assets,2026-09-22,,ModifierEffect_GatheringStorm_Name,gathering_storm
Generous Gifts,Großzügige Geschenke,effect,,localization,resources.assets,2026-09-22,,Effect_HubsForNewcomerGoods_Name,generous_gifts
Geological Survey,Geologische Vermessung,effect,,localization,resources.assets,2026-09-22,,Effect_SpawnOreAround_Name,geological_survey
Ghastly Chant,Gespenstischer Gesang,effect,,localization,resources.assets,2026-09-22,,Effect_TW_RelicsWorkingTime_Name,ghastly_chant
Giant Beast,Riesige Bestie,effect,,localization,resources.assets,2026-09-22,,ResolveEffect_MoleResolvePenalty_Name,giant_beast
Giant Organisms,Riesige Organismen,effect,,localization,resources.assets,2026-09-22,,Effect_MarshlandsGiantNodes_Name,giant_organisms
Gift of the Seal Keeper,Geschenk des Siegelwächters,effect,,localization,resources.assets,2026-09-22,,Effect_SealExtraCornerstone_Name,gift_of_the_seal_keeper
Golden Dust,Goldener Staub,effect,,localization,resources.assets,2026-09-22,,SeasonalEffect_ClearanceForDrizzle_Name,golden_dust
Golden Marrow,Goldmark,effect,,localization,resources.assets,2026-09-22,,Effect_AmberForSeaMarrow_Name,golden_marrow
Good Health,Gute Gesundheit,effect,,localization,resources.assets,2026-09-22,,Effect_InstitutionGlobalProductionRate_Name,good_health
Greater Threat,Größere Bedrohung,effect,,localization,resources.assets,2026-09-22,,SeasonalEffect_GreaterThreat_Name,greater_threat
Grim Fate,Düsteres Schicksal,effect,,localization,resources.assets,2026-09-22,,SeasonalEffect_GrimFate_Name,grim_fate
Groundwater Extraction,Grundwasser-Extraktion,effect,,localization,resources.assets,2026-09-22,,Effect_Extractor_ClearanceWaterPerMin_Name,groundwater_extraction
Growing Darkness,Wachsende Dunkelheit,effect,,localization,resources.assets,2026-09-22,,Effect_WorseStorms_Name,growing_darkness
Growth Medium,Wachstumsmedium,effect,,localization,resources.assets,2026-09-22,,Effect_CystForFood_Name,growth_medium
Guild Catalogue,Gildenkatalog,effect,,localization,resources.assets,2026-09-22,,Effect_ExtraTraderMerch_Name,guild_catalogue
Guild Territory,Gildengebiet,effect,,localization,resources.assets,2026-09-22,,ModifierEffect_OneInitialVillagerPerRace_Name,guild_territory
"Guild of Traders, or Thieves?",Gilde der Händler oder Diebe?,effect,,localization,resources.assets,2026-09-22,,Effect_HigherTradersPrices_Name,guild_of_traders_or_thieves
Guild's Disfavor,Ungnade der Gilde,effect,,localization,resources.assets,2026-09-22,,Effect_GuildsDisfavor_Name,guilds_disfavor
Guild's Logbook,Logbuch der Gilde,effect,,localization,resources.assets,2026-09-22,,Effect_GladeInfo_Airship_Name,guilds_logbook
Guild's Sigil,Siegelring der Gilde,effect,,localization,resources.assets,2026-09-22,,Effect_TradingBonus_Airship_Name,guilds_sigil
Hailstorm,Hagelsturm,effect,,localization,resources.assets,2026-09-22,,ConditionalNeedEffect_Hailstorm_Name,hailstorm
Hard Times,Schwere Zeiten,effect,,localization,resources.assets,2026-09-22,,Effect_HardOrdersOnly_Name,hard_times
Harmony,Harmonie,effect,,localization,resources.assets,2026-09-22,,ResolveEffect_HarmonyAltarPositive_Name,harmony
Harpy Clan Support,Harpyienclan-Unterstützung,effect,,localization,resources.assets,2026-09-22,,ResolveEffect_HarpyFactionSupport_Name,harpy_clan_support
Harpy Housing,Harpyienwohnraum,effect,,localization,resources.assets,2026-09-22,,ResolveEffect_HarpyHousingEffect_Name,harpy_housing
Haunted,Spukerscheinungen,effect,,localization,resources.assets,2026-09-22,,ResolveEffect_FrighteningVisionsResolveEffect_Name,haunted
Haunted Forest,Spukwald,effect,,localization,resources.assets,2026-09-22,,ModifierEffect_NoGladeInfo_Name,haunted_forest
Health Infusion,Gesundheitsaufguß,effect,,localization,resources.assets,2026-09-22,,ResolveEffect_HarpyResolveTea_Name,health_infusion
Hearth Defect,Feuerstellendefekt,effect,,localization,resources.assets,2026-09-22,,Effect_FasterFuelSacrifice_Name,hearth_defect
Hidden Mystery,Verborgenes Geheimnis,effect,,localization,resources.assets,2026-09-22,,Effect_TabletsForGlades_Name,hidden_mystery
Hidden Reward,Versteckte Belohnung,effect,,localization,resources.assets,2026-09-22,,Effect_AncientTabletforEvents_Name,hidden_reward
High Hygiene,Hohe Hygiene,effect,,localization,resources.assets,2026-09-22,,ResolveEffect_HarpyResolveBalm_Name,high_hygiene
High Voltage,Hochspannung,effect,,localization,resources.assets,2026-09-22,,Effect_Hostility2_Name,high_voltage
Higher Expectations,Höhere Erwartungen,effect,,localization,resources.assets,2026-09-22,,Effect_LowerImpatienceReduction_Name,higher_expectations
Higher Standards,Höhere Standards,effect,,localization,resources.assets,2026-09-22,,Effect_FasterLeaving_Name,higher_standards
Homelessness,Obdachlosigkeit,effect,,localization,resources.assets,2026-09-22,,ResolveEffect_HomelessnessPenalty_Name,homelessness
Horrors from Beneath,Das Grauen von unten,effect,,localization,resources.assets,2026-09-22,,SeasonalEffect_MineInStorm_Name,horrors_from_beneath
Hostility of the Forest,Feindseligkeit des Waldes,effect,,localization,resources.assets,2026-09-22,,ResolveEffect_NewYearPenalty_Name,hostility_of_the_forest
Hot Springs,Heiße Quellen,effect,,localization,resources.assets,2026-09-22,,SeasonalEffect_HotSprings_Name,hot_springs
Human Clan Support,Unterstützung der Menschenfraktion,effect,,localization,resources.assets,2026-09-22,,ResolveEffect_HumansFactionSupport_Name,human_clan_support
Human Housing,Menschenhaus,effect,,localization,resources.assets,2026-09-22,,ResolveEffect_HumanHousingEffect_Name,human_housing
Human Influx,Zustrom von Menschen,effect,,localization,resources.assets,2026-09-22,,Effect_HumanInflux_Name,human_influx
Humid Climate,Feuchtes Klima,effect,,localization,resources.assets,2026-09-22,,SeasonalEffect_FuelRateHostility_Name,humid_climate
Hunger,Hunger,effect,,localization,resources.assets,2026-09-22,,ResolveEffect_HungerPenalty_Name,hunger
Hunger Storm,Hungersturm,effect,,localization,resources.assets,2026-09-22,,Effect_HungerStorm_Name,hunger_storm
Hungry Mistworm,Hungriger Nebelwurm,effect,,localization,resources.assets,2026-09-22,,Effect_RemoveFoodOverTime_Mistworm_Name,hungry_mistworm
Hunting Ground,Jagdrevier,effect,,localization,resources.assets,2026-09-22,,Effect_LessNewcommers_Name,hunting_ground
Industrialized Agriculture,Industrialisierte Landwirtschaft,effect,,localization,resources.assets,2026-09-22,,ResolveEffect_AgriculturePenalty_Name,industrialized_agriculture
Infection,Ansteckung,effect,,localization,resources.assets,2026-09-22,,Effect_ToxicSlug_HungerMultiplier_Name,infection
Infestation,Befall,effect,,localization,resources.assets,2026-09-22,,Effect_Infestation_Name,infestation
Insane Gamble,Verrückte Wette,effect,,localization,resources.assets,2026-09-22,,Effect_ReputationPenaltyRate_Gambler_Seal_Name,insane_gamble
Insatiable Hunger,Unstillbarer Hunger,effect,,localization,resources.assets,2026-09-22,,ConditionalNeedEffect_GrowingFoodConsumption_Name,insatiable_hunger
Inspiring Speech,Inspirierende Rede,effect,,localization,resources.assets,2026-09-22,,Effect_TW_LeavingRateReduction_Name,inspiring_speech
Inspiring View,Inspirierende Aussicht,effect,,localization,resources.assets,2026-09-22,,Effect_SELongerBreakInterval_Name,inspiring_view
Instability,Instabilität,effect,,localization,resources.assets,2026-09-22,,Effect_FuelRodsNegative_Name,instability
Into the Mists,In die Nebel,effect,,localization,resources.assets,2026-09-22,,Effect_StagRunning_Name,into_the_mists
Invigorating Winds,Belebende Winde,effect,,localization,resources.assets,2026-09-22,,ConditionalNeedEffect_InvigoratingWinds_Name,invigorating_winds
Invoker,Beschwörer,effect,,localization,resources.assets,2026-09-22,,Effect_FishmenNegativeMysteries_Name,invoker
Involuntary Sacrifice,Unfreiwilliges Opfer,effect,,localization,resources.assets,2026-09-22,,Effect_BuildingAndPacksProductionHalved_Name,involuntary_sacrifice
Iron Medal,Eisenmedaille,effect,,localization,resources.assets,2026-09-22,,CycleEffect_WeCornerstonesRerrolls_Name,iron_medal
Irresponsible Archaeology,Unverantwortliche Archäologie,effect,,localization,resources.assets,2026-09-22,,Effect_ReputationPenaltyRate100_Name,irresponsible_archaeology
Irresponsible Gamble,Unvernünftige Wette,effect,,localization,resources.assets,2026-09-22,,Effect_ReputationPenaltyRate_Gambler_Meta_Name,irresponsible_gamble
Jerky,Dörrfleisch,effect,,localization,resources.assets,2026-09-22,,ResolveEffect_JerkyEffect_Name,jerky
Joy Of Discovery,Die Freude an der Entdeckung,effect,,localization,resources.assets,2026-09-22,,ResolveEffect_JoyOfDiscovery_Name,joy_of_discovery
Kelpie's Charm,Zauber des Flussgeists,effect,,localization,resources.assets,2026-09-22,,Effect_KelpiesCharm_Name,kelpies_charm
Kontai,Kontai,effect,,localization,resources.assets,2026-09-22,,Effect_CornerstonesLimit_Npc_Name,kontai
Land Tax,Grundsteuer,effect,,localization,resources.assets,2026-09-22,,Effect_ExplorationTax_Name,land_tax
Land Tax (big glade),Grundsteuer (große Lichtung),effect,,localization,resources.assets,2026-09-22,,Effect_ExplorationTaxPayment_Big_Name,land_tax_big_glade
Land Tax (small glade),Grundsteuer (kleine Lichtung),effect,,localization,resources.assets,2026-09-22,,Effect_ExplorationTaxPayment_Small_Name,land_tax_small_glade
Land of Greed,Land der Gier,effect,,localization,resources.assets,2026-09-22,,ModifierEffect_LandOfGreed_Name,land_of_greed
Leakage,Leck,effect,,localization,resources.assets,2026-09-22,,SeasonalEffect_WeakHearth_Name,leakage
Leisure,Freizeit,effect,,localization,resources.assets,2026-09-22,,ResolveEffect_LeasiureEffect_Name,leisure
Less is More,Weniger ist mehr,effect,,localization,resources.assets,2026-09-22,,Effect_FewerBlueprintsOptions_Name,less_is_more
Lesser Cold Flame,Kleine kalte Flamme,effect,,localization,resources.assets,2026-09-22,,Effect_ColdFlame_Weak_Name,lesser_cold_flame
Levitating Monument,Schwebendes Denkmal,effect,,localization,resources.assets,2026-09-22,,ModifierEffect_Move_Name,levitating_monument
Lichen,Flechte,effect,,localization,resources.assets,2026-09-22,,EffectModel_FoxHousesUniqueBonus_Name,lichen
Life from Beneath,Leben von unten,effect,,localization,resources.assets,2026-09-22,,Effect_SpawnBlightrot_BurialSite_Name,life_from_beneath
Lightning Strike,Blitzschlag,effect,,localization,resources.assets,2026-09-22,,Effect_LightningCatcher_Name,lightning_strike
Lightweight Axes,Leichte Äxte,effect,,localization,resources.assets,2026-09-22,,Effect_FasterWoodcutters_Name,lightweight_axes
Lightweight Wood,Leichteres Holz,effect,,localization,resources.assets,2026-09-22,,ConditionalNeedEffect_WoodcutterCapacity10_Name,lightweight_wood
Lizard Clan Support,Unterstützung der Echsenfraktion,effect,,localization,resources.assets,2026-09-22,,ResolveEffect_LizardsFactionSupport_Name,lizard_clan_support
Lizard Housing,Echsenhaus,effect,,localization,resources.assets,2026-09-22,,ResolveEffect_LizardHousingEffect_Name,lizard_housing
Long Live the Queen,Lang lebe die Königin,effect,,localization,resources.assets,2026-09-22,,Effect_ResolveForReputation_Name,long_live_the_queen
Long Term Contract,Langfristiger Vertrag,effect,,localization,resources.assets,2026-09-22,,Effect_MoreResolveForComfortable_Name,long_term_contract
Looming Darkness,Drohende Finsternis,effect,,localization,resources.assets,2026-09-22,,ResolveEffect_StormPenalty_Name,looming_darkness
Lost Newcomers,Verirrte Neuankömmlinge,effect,,localization,resources.assets,2026-09-22,,Effect_SELateNewcomers_Holder_Name,lost_newcomers
Lucky Charm,Glücksbringer,effect,,localization,resources.assets,2026-09-22,,Effect_TraderReroll_Name,lucky_charm
Lucky Talisman,Glücksbringer,effect,,localization,resources.assets,2026-09-22,,Effect_EventTimeReduction10_Name,lucky_talisman
Luxury,Luxus,effect,,localization,resources.assets,2026-09-22,,ResolveEffect_LuxuryEffect_Name,luxury
Makeshift Water Tank,Provisorischer Wassertank,effect,,localization,resources.assets,2026-09-22,,Effect_TankCapacity_Name,makeshift_water_tank
Malcontents,Unzufriedene,effect,,localization,resources.assets,2026-09-22,,Effect_GlobalReputationTresholdIncrease_Name,malcontents
Mark of the Sealed Ones,Mal der Versiegelten,effect,,localization,resources.assets,2026-09-22,,Effect_CorruptedSacrifice_Name,mark_of_the_sealed_ones
Market Shift Plan,Marktveränderungsplan,effect,,localization,resources.assets,2026-09-22,,Effect_MoreTradeOffers_Name,market_shift_plan
Marrow Growth,Markwachstum,effect,,localization,resources.assets,2026-09-22,,SeasonalEffect_MarrowMine_Name,marrow_growth
Master Blueprint,Hauptentwurf,effect,,localization,resources.assets,2026-09-22,,Effect_AllCampsUnlock_Name,master_blueprint
Melancholy,Melancholie,effect,,localization,resources.assets,2026-09-22,,ConditionalNeedEffect_Melancholy_Name,melancholy
Memorial Rite,Gedenkritus,effect,,localization,resources.assets,2026-09-22,,Effect_FuneralFeast_Resolve_Name,memorial_rite
Memory of the Forest,Erinnerung des Waldes,effect,,localization,resources.assets,2026-09-22,,Effect_MemoryoftheForest_Name,memory_of_the_forest
Mesmerizing Light,Hypnotisches Licht,effect,,localization,resources.assets,2026-09-22,,Effect_MesmerizingLight_Name,mesmerizing_light
Metallurgic Experts,Metallurgie-Experten,effect,,localization,resources.assets,2026-09-22,,Effect_MetallurgicExperts_Name,metallurgic_experts
Mine Dredging,Ausbaggerung,effect,,localization,resources.assets,2026-09-22,,Effect_MoreCharges_Name,mine_dredging
Minecart,Lore,effect,,localization,resources.assets,2026-09-22,,Effect_MineCarts_Name,minecart
Mining Automatons,Minenautomat,effect,,localization,resources.assets,2026-09-22,,Effect_AutomatonInAllMines_Name,mining_automatons
Missing Crude Workstation,Fehlende primitive Werkbank,effect,,localization,resources.assets,2026-09-22,,Effect_MissingCrudeWorkstation_Name,missing_crude_workstation
Mistworm Infestation,Nebelwurmbefall,effect,,localization,resources.assets,2026-09-22,,Effect_MistwormFood_Name,mistworm_infestation
Mitosis,Mitose,effect,,localization,resources.assets,2026-09-22,,Effect_BlightrotCloning_Name,mitosis
Monastery of the Holy Flame,Kloster der Heiligen Flamme,effect,,localization,resources.assets,2026-09-22,,ModifierEffect_NoControl_Name,monastery_of_the_holy_flame
More trade offers,Mehr Handelsangebote,effect,,localization,resources.assets,2026-09-22,,Effect_ExtendTradeRoutes_Name,more_trade_offers
Motivated,Motiviert,effect,,localization,resources.assets,2026-09-22,,ResolveEffect_Motivated_Name,motivated
Mushroom Seedlings,Pilzsämlinge,effect,,localization,resources.assets,2026-09-22,,Effect_MushroomInFarms_Name,mushroom_seedlings
Natural Filtration,Natürliche Filterung,effect,,localization,resources.assets,2026-09-22,,SeasonalEffect_NaturalFiltration_Name,natural_filtration
Nauseating Spores,Übelkeit erregende Sporen,effect,,localization,resources.assets,2026-09-22,,ConditionalNeedEffect_NauseousSpores_Name,nauseating_spores
Negligence,Vernachlässigung,effect,,localization,resources.assets,2026-09-22,,ResolveEffect_UnfairTreatmentPenalty_Name,negligence
New Caravan Member,Neues Karawanenmitglied,effect,,localization,resources.assets,2026-09-22,,CycleEffect_Villagers_GenericGain1_Name,new_caravan_member
New Caravan Members,Neue Karawanenmitglieder,effect,,localization,resources.assets,2026-09-22,,CycleEffect_Villagers_GenericGainMultiple_Name,new_caravan_members
New Terms,Neue Bedingungen,effect,,localization,resources.assets,2026-09-22,,CycleEffect_GhostTownForceTraderPriceReduction_Name,new_terms
No Cooking Utensils,Kein Kochbesteck,effect,,localization,resources.assets,2026-09-22,,Effect_Nocookingutensils_Name,no_cooking_utensils
No Hope,Keine Hoffnung,effect,,localization,resources.assets,2026-09-22,,ResolveEffect_NoFirePenalty_Name,no_hope
No contact,Kein Kontakt,effect,,localization,resources.assets,2026-09-22,,ConditionalNeedEffect_NoImpatienceReduction_Name,no_contact
Obsidian Box,Obsidiankiste,effect,,localization,resources.assets,2026-09-22,,CycleEffect_SealFragments_Name,obsidian_box
Obsidian Runestone,Obsidian-Runenstein,effect,,localization,resources.assets,2026-09-22,,Effect_HearthHP500_Name,obsidian_runestone
Old Fedora Hat,Alter Filzhut,effect,,localization,resources.assets,2026-09-22,,Effect_FedoraHat_Name,old_fedora_hat
Ominous Presence,Bedrohliche Präsenz,effect,,localization,resources.assets,2026-09-22,,ModifierEffect_OminousPresence_Name,ominous_presence
Ominous Whispers,Bedrohliches Flüstern,effect,,localization,resources.assets,2026-09-22,,ResolveEffect_VaultResolvePenalty_Name,ominous_whispers
Overcharged Rainpunk Technology,Überladene Regenpunk-Technologie,effect,,localization,resources.assets,2026-09-22,,Effect_RainpunkFoundryBlightrotSpawn_Name,overcharged_rainpunk_technology
Overexploitation,Übernutzung,effect,,localization,resources.assets,2026-09-22,,Effect_Overexploitation_Name,overexploitation
Overflow,Überschwemmung,effect,,localization,resources.assets,2026-09-22,,Effect_Overflow_Name,overflow
Overgrown Library,Überwucherte Bibliothek,effect,,localization,resources.assets,2026-09-22,,ModifierEffect_OvergrownLibrary_Name,overgrown_library
Overheating,Überhitzung,effect,,localization,resources.assets,2026-09-22,,SeasonalEffect_ProdSpeedForSparkdew_Name,overheating
Overwhelmed Gatherers,Überforderte Sammler,effect,,localization,resources.assets,2026-09-22,,Effect_AllCampsUnlock_Child_Name,overwhelmed_gatherers
Parasites,Parasiten,effect,,localization,resources.assets,2026-09-22,,Effect_Parasites_Name,parasites
Pestilence,Pestilenz,effect,,localization,resources.assets,2026-09-22,,SeasonalEffect_BlightForSparkdew_Penalty_Name,pestilence
Petrification,Versteinerung,effect,,localization,resources.assets,2026-09-22,,Effect_PetrifiedTreeWoodcutting_Name,petrification
Petrified Egg,Versteinertes Ei,effect,,localization,resources.assets,2026-09-22,,Effect_PetrifiedEgg_Name,petrified_egg
Petrified Necropolis,Versteinerte Nekropolis,effect,,localization,resources.assets,2026-09-22,,ModifierEffect_PetrifiedNecropolis_Name,petrified_necropolis
Petrified Wood,Versteinertes Holz,effect,,localization,resources.assets,2026-09-22,,Effect_RemoveAllWood_Name,petrified_wood
Pickled Goods,Eingelegte Nahrung,effect,,localization,resources.assets,2026-09-22,,ResolveEffect_PickledEffect_Name,pickled_goods
Pie,Pastete,effect,,localization,resources.assets,2026-09-22,,ResolveEffect_PieEffect_Name,pie
Piercing Winds,Durchdringende Winde,effect,,localization,resources.assets,2026-09-22,,ConditionalNeedEffect_PiercingWinds_Name,piercing_winds
Pit Pony,Grubenpferd,effect,,localization,resources.assets,2026-09-22,,Effect_PitPony_Name,pit_pony
Plague of Blindness,Plage der Blindheit,effect,,localization,resources.assets,2026-09-22,,Effect_PlagueOfBlindness_Name,plague_of_blindness
Plague of Corrupted Water,Abwasserseuche,effect,,localization,resources.assets,2026-09-22,,Effect_PlagueOfWater_Name,plague_of_corrupted_water
Plague of Darkness,Plage der Finsternis,effect,,localization,resources.assets,2026-09-22,,Effect_PlagueOfDarkness_Name,plague_of_darkness
Plague of Death,Todesseuche,effect,,localization,resources.assets,2026-09-22,,Effect_PlagueOfDeath_Name,plague_of_death
Plague of Fire,Feuerplage,effect,,localization,resources.assets,2026-09-22,,Effect_PlagueOfFire_Name,plague_of_fire
Plague of Fishmen,Fischmenschenplage,effect,,localization,resources.assets,2026-09-22,,Effect_PlagueOfFishmen_Name,plague_of_fishmen
Plague of Locusts,Hummerplage,effect,,localization,resources.assets,2026-09-22,,Effect_PlagueOfLocusts_Name,plague_of_locusts
Plague of Malady,Krankheitsplage,effect,,localization,resources.assets,2026-09-22,,Effect_PlagueOfMalady_Name,plague_of_malady
Plague of Mosquitoes,Moskitoplage,effect,,localization,resources.assets,2026-09-22,,Effect_PlagueOfMosquito_Name,plague_of_mosquitoes
Plague of Mysteries,Plage der Geheimnisse,effect,,localization,resources.assets,2026-09-22,,Effect_PlagueOfMysteries_Name,plague_of_mysteries
Plague of Rats,Rattenplage,effect,,localization,resources.assets,2026-09-22,,Effect_PlagueOfRats_Name,plague_of_rats
Plague of Snakes,Schlangenplage,effect,,localization,resources.assets,2026-09-22,,Effect_PlagueOfSnakes_Name,plague_of_snakes
Plague of Thunderstorms,Plage der Gewitterstürme,effect,,localization,resources.assets,2026-09-22,,Effect_PlagueOfThunderstorm_Name,plague_of_thunderstorms
Plague of the Dark Forest,Plage des Dunklen Waldes,effect,,localization,resources.assets,2026-09-22,,Effect_PlagueOfForest_Name,plague_of_the_dark_forest
Playing with Feelings,Mit Gefühlen spielen,effect,,localization,resources.assets,2026-09-22,,Effect_Gambler_RandomRaceFavoring_Name,playing_with_feelings
Plundering,Plünderungen,effect,,localization,resources.assets,2026-09-22,,Effect_ChestPlunder_Name,plundering
Poisoned Food,Vergiftete Nahrung,effect,,localization,resources.assets,2026-09-22,,Effect_FishmenFoodPoison_Name,poisoned_food
Poisoned Groundwater,Vergiftetes Grundwasser,effect,,localization,resources.assets,2026-09-22,,Effect_SMod_LessGrass_Name,poisoned_groundwater
Poisoned Wind,Vergifteter Wind,effect,,localization,resources.assets,2026-09-22,,Effect_TW_RemoveFoodOverTime_Name,poisoned_wind
Politically Outmaneuvered,Politisch ausmanövriert,effect,,localization,resources.assets,2026-09-22,,Effect_PoliticallyOutmaneuvered_Name,politically_outmaneuvered
Porridge,Haferbrei,effect,,localization,resources.assets,2026-09-22,,ResolveEffect_PorridgeEffect_Name,porridge
Prayer,Gebet,effect,,localization,resources.assets,2026-09-22,,Effect_TW_GlobalExtraProd_Name,prayer
Prayer Book,Gebetsbuch,effect,,localization,resources.assets,2026-09-22,,Effect_WorkingTimeForFirekeeper_Name,prayer_book
Prayers,Gebete,effect,,localization,resources.assets,2026-09-22,,Effect_Prayers_Name,prayers
Prestigious Expedition,Prestigeträchtige Expedition,effect,,localization,resources.assets,2026-09-22,,Effect_ReputationChanges_Name,prestigious_expedition
Procrastination,Prokrastination,effect,,localization,resources.assets,2026-09-22,,Effect_LongerRelicsWorkingTime_Name,procrastination
Public Performances,Öffentliche Aufführung,effect,,localization,resources.assets,2026-09-22,,Effect_InstitutionGlobalExtraProduction_Name,public_performances
Purified Spring,Geläuterte Quelle,effect,,localization,resources.assets,2026-09-22,,Effect_SpawnRandomSpring_Kelpie_Name,purified_spring
Quaking Bog,Bebender Sumpf,effect,,localization,resources.assets,2026-09-22,,ConditionalNeedEffect_SlowGathering_Name,quaking_bog
Queen's Gift,Geschenk der Königin,effect,,localization,resources.assets,2026-09-22,,Effect_HPforImpatience_Name,queens_gift
Queen's Sailors,Matrosen der Königin,effect,,localization,resources.assets,2026-09-22,,Effect_QueenSailors_Name,queens_sailors
Queen's Support,Die Unterstützung der Königin,effect,,localization,resources.assets,2026-09-22,,Effect_QueensSupport_Name,queens_support
Queen's Wrath (Vassal Tax),Der Zorn der Königin (Vasallensteuer),effect,,localization,resources.assets,2026-09-22,,SeasonalEffect_ImpatienceForAmber_Penalty_Name,queens_wrath_vassal_tax
Rage of the Forest,Zorn des Waldes,effect,,localization,resources.assets,2026-09-22,,Effect_Hostility1_Name,rage_of_the_forest
Rain Sorcery,Regenmagie,effect,,localization,resources.assets,2026-09-22,,Effect_FishmenSoothsayerCurse_Name,rain_sorcery
Rainwashed Soil,Regengetränkte Erde,effect,,localization,resources.assets,2026-09-22,,Effect_Biome_GrassSpawner_Name,rainwashed_soil
Rainwater Condenser,Regenwasserkondensator,effect,,localization,resources.assets,2026-09-22,,Effect_StormWaterProdBonus_Name,rainwater_condenser
Rainwater Storage,Regenwasserspeicher,effect,,localization,resources.assets,2026-09-22,,Effect_TankCapacity_Frog_Name,rainwater_storage
Rationing,Rationierung,effect,,localization,resources.assets,2026-09-22,,ResolveEffect_EqualProhibitionPenalty_Name,rationing
Rebellious Spirit,Rebellischer Geist,effect,,localization,resources.assets,2026-09-22,,ResolveEffect_RebeliousSpirit_Name,rebellious_spirit
Recall (Land Tax),Rückruf (Grundsteuer),effect,,localization,resources.assets,2026-09-22,,Effect_ExplorationTax_Penalty_Name,recall_land_tax
Recall (Royal Tax),Rückruf (Königliche Steuer),effect,,localization,resources.assets,2026-09-22,,Effect_AmberPayment_Penalty_Name,recall_royal_tax
Reconnaissance,Aufklärung,effect,,localization,resources.assets,2026-09-22,,Effect_WorkingSpeedForSmallGlade_Child_Name,reconnaissance
Recultivation,Rekultivierung,effect,,localization,resources.assets,2026-09-22,,Effect_SpawnFertileSoil_Cauldron_Name,recultivation
Regrowth,Neues Wachstum,effect,,localization,resources.assets,2026-09-22,,SeasonalEffect_ProductiveFarmsInDrizzle_Name,regrowth
Regular Baths,Regelmäßige Bäder,effect,,localization,resources.assets,2026-09-22,,Effect_InstitutionSlowerLeaving_Name,regular_baths
Regular Storm,Normaler Sturm,effect,,localization,resources.assets,2026-09-22,,ConditionalNeedEffect_RegularStorm_Name,regular_storm
Religion,Religion,effect,,localization,resources.assets,2026-09-22,,ResolveEffect_ReligionEffect_Name,religion
Repair Station,Reparaturstation,effect,,localization,resources.assets,2026-09-22,,Effect_BatHousesUniqueBonus_Name,repair_station
Resisting Flora,Wehrhafte Flora,effect,,localization,resources.assets,2026-09-22,,ConditionalNeedEffect_SlowWoodCutting_Name,resisting_flora
Resource Hub,Ressourcenknoten,effect,,localization,resources.assets,2026-09-22,,Effect_Biome_FasterTrade_Name,resource_hub
Restrictions,Einschränkungen,effect,,localization,resources.assets,2026-09-22,,Effect_FewerCornerstonesOptions_Name,restrictions
Reveals a geyser,Deckt einen Geysir auf,effect,,localization,resources.assets,2026-09-22,,Effect_LocateSprings_Name,reveals_a_geyser
Reveals a ruin,Enthüllt eine Ruine,effect,,localization,resources.assets,2026-09-22,,Effect_RacialLocateRuin_Name,reveals_a_ruin
Reveals fertile soil,Deckt Nährboden auf,effect,,localization,resources.assets,2026-09-22,,Effect_LocateGrass_Name,reveals_fertile_soil
Ritual of Denial,Ritual der Leugnung,effect,,localization,resources.assets,2026-09-22,,Effect_SacrificeTotem_Name,ritual_of_denial
Riverlands,Flusslande,effect,,localization,resources.assets,2026-09-22,,ModifierEffect_SmallMap_Name,riverlands
Roaming Swarm,Umherstreifender Schwarm,effect,,localization,resources.assets,2026-09-22,,Effect_RoamingShelledMosquitos_Name,roaming_swarm
Robbed Dead,Leichenfledderer,effect,,localization,resources.assets,2026-09-22,,Effect_RobbedDeceased_Name,robbed_dead
Rogue Tempest,Ungezügelter Sturm,effect,,localization,resources.assets,2026-09-22,,Effect_InstantStorm_Stormforge_Name,rogue_tempest
Rot from the Sky,Fäulnis vom Himmel,effect,,localization,resources.assets,2026-09-22,,ConditionalNeedEffect_FoorProdSpeedSlower_Name,rot_from_the_sky
Rotten Rain,Fauler Regen,effect,,localization,resources.assets,2026-09-22,,SeasonalEffect_LivingFarmfield_Name,rotten_rain
Rotten Vapors,Faulige Dämpfe,effect,,localization,resources.assets,2026-09-22,,SeasonalEffect_BlightForSparkdew_Name,rotten_vapors
Rotting Wood,Verrottendes Holz,effect,,localization,resources.assets,2026-09-22,,SeasonalEffect_RottingWood_Name,rotting_wood
Royal Funding,Königliche Unterstützung,effect,,localization,resources.assets,2026-09-22,,ConditionalNeedEffect_GoodsForTrade_Name,royal_funding
Royal Guard Training,Ausbildung durch die königliche Garde,effect,,localization,resources.assets,2026-09-22,,Effect_RoyalGuardTraining_Name,royal_guard_training
Royal Outpost,Königlicher Außenposten,effect,,localization,resources.assets,2026-09-22,,ModifierEffect_3Orders_Name,royal_outpost
Royal Patronage,Königliches Patronat,effect,,localization,resources.assets,2026-09-22,,Effect_Biome_CaveInitialGoods_Name,royal_patronage
Royal Tax,Königliche Steuer,effect,,localization,resources.assets,2026-09-22,,Effect_AmberPayment_Name,royal_tax
Ruined Armory,Zerstörte Waffenkammer,effect,,localization,resources.assets,2026-09-22,,ModifierEffect_TraderAttack_Name,ruined_armory
Ruins,Ruinen,effect,,localization,resources.assets,2026-09-22,,ModifierEffect_RuinedSettlement_Name,ruins
Rune Calibration,Runenkalibrierung,effect,,localization,resources.assets,2026-09-22,,Effect_HearthHP500_Child_Name,rune_calibration
Sabotage,Sabotage,effect,,localization,resources.assets,2026-09-22,,Effect_Sabotage_Name,sabotage
Sacrament of the Flame,Sakrament der Flamme,effect,,localization,resources.assets,2026-09-22,,Effect_InstitutionSlowerSacrafice_Name,sacrament_of_the_flame
Sacred Flame Rituals,Rituale der Heiligen Flamme,effect,,localization,resources.assets,2026-09-22,,ConditionalNeedEffect_WoodPaymentForVillagers_Name,sacred_flame_rituals
Sacred Pyre,Heiliger Scheiterhaufen,effect,,localization,resources.assets,2026-09-22,,ResolveEffect_HearthEffect_Lizard_Name,sacred_pyre
Safe Haven,Sicherer Hafen,effect,,localization,resources.assets,2026-09-22,,Effect_HubsForHostility_Name,safe_haven
Salty Breeze,Salzige Brise,effect,,localization,resources.assets,2026-09-22,,SeasonalEffect_FastFood_Name,salty_breeze
Saturated Air,Gesättigte Luft,effect,,localization,resources.assets,2026-09-22,,SeasonalEffect_ResolveForWater_Name,saturated_air
Scared,Verängstigt,effect,,localization,resources.assets,2026-09-22,,ResolveEffect_ForsakenCryptResolveEffect_Name,scared
Scarlet Tears,Scharlachtränen,effect,,localization,resources.assets,2026-09-22,,Effect_GhostGoodsRemoval_Name,scarlet_tears
Scavenging Party,Plündernde Gruppe,effect,,localization,resources.assets,2026-09-22,,Effect_ScavengingParty_Name,scavenging_party
Scavenging Season,Plünderzeit,effect,,localization,resources.assets,2026-09-22,,SeasonalEffect_MoreEventGoods_Name,scavenging_season
Scientific Agreement,Wissenschaftliche Zusammenarbeit,effect,,localization,resources.assets,2026-09-22,,Effect_WildcardforDeath_Name,scientific_agreement
Scientific Award,Wissenschaftliche Auszeichnung,effect,,localization,resources.assets,2026-09-22,,Effect_ArcheologyExtraCornerstone_Name,scientific_award
Scientific Council,Wissenschaftlicher Rat,effect,,localization,resources.assets,2026-09-22,,Effect_ArcheologyExtraBlueprint_Name,scientific_council
Scientific Grant,Forschungsgelder,effect,,localization,resources.assets,2026-09-22,,Effect_AmberForArcheology_Name,scientific_grant
Scouts by Nature,Natürliche Späher,effect,,localization,resources.assets,2026-09-22,,Effect_SpecializationFoxes_Name,scouts_by_nature
Seal Reforged,Siegel wiederhergestellt,effect,,localization,resources.assets,2026-09-22,,Effect_SealExtraCornerstone_Last_Name,seal_reforged
Seasonal Crops,Saisonale Feldfrüchte,effect,,localization,resources.assets,2026-09-22,,ConditionalNeedEffect_MushroomInFarms_Name,seasonal_crops
Secure Perimeter,Sicherer Perimeter,effect,,localization,resources.assets,2026-09-22,,Effect_ForbiddenforHostility_Name,secure_perimeter
Seized Inheritance,Beschlagnahmtes Erbe,effect,,localization,resources.assets,2026-09-22,,Effect_RandomGoodsforDearth_Name,seized_inheritance
Sensitivity,Empfindlichkeit,effect,,localization,resources.assets,2026-09-22,,Effect_SlowMaterialsProd_Name,sensitivity
Settler's Luck,Siedlerglück,effect,,localization,resources.assets,2026-09-22,,Effect_EasyFoodConsumption_Name,settlers_luck
Shadowy Figure,Geheimnisvolle Gestalt,effect,,localization,resources.assets,2026-09-22,,SeasonalEffect_CreepingShadows_Child_Name,shadowy_figure
Shaky Hands,Zitternde Hände,effect,,localization,resources.assets,2026-09-22,,Effect_CaravanProd_Name,shaky_hands
Shattered Obelisk,Zerschmetterter Obelisk,effect,,localization,resources.assets,2026-09-22,,Effect_PauseBlock_Name,shattered_obelisk
Shifting Paths,Wandelnde Pfade,effect,,localization,resources.assets,2026-09-22,,Effect_SMod_LongerRoutes_Name,shifting_paths
Silent Dominion,Reich der Stille,effect,,localization,resources.assets,2026-09-22,,ModifierEffect_CornerstoneLimit_Name,silent_dominion
Sinister Blight,Düstere Fäule,effect,,localization,resources.assets,2026-09-22,,Effect_BlightrotMedium_Name,sinister_blight
Sinkhole,Erdsenke,effect,,localization,resources.assets,2026-09-22,,Effect_SEDestroyNodes_Child_Name,sinkhole
Skewers,Fleischspieße,effect,,localization,resources.assets,2026-09-22,,ResolveEffect_SkewerEffect_Name,skewers
Small Altar Box,Kleine Altarkiste,effect,,localization,resources.assets,2026-09-22,,Effect_HostilityforDeath_Name,small_altar_box
Small Miasma Cloud,Kleine Pestwolke,effect,,localization,resources.assets,2026-09-22,,Effect_VaultExplosionT1_Name,small_miasma_cloud
Smuggler's Visit,Besuch des Schmugglers,effect,,localization,resources.assets,2026-09-22,,Effect_WildcardPickCornerstone_Name,smugglers_visit
Soaked Clothes,Durchnässte Kleidung,effect,,localization,resources.assets,2026-09-22,,SeasonalEffect_StormClothes_Penalty_Name,soaked_clothes
Soft Stems,Weiche Halme,effect,,localization,resources.assets,2026-09-22,,SeasonalEffect_GrainInHarvester_Name,soft_stems
Soil Reclamation,Bodenrückgewinnung,effect,,localization,resources.assets,2026-09-22,,SeasonalEffect_FertileNodes_Name,soil_reclamation
Soulstorm,Seelensturm,effect,,localization,resources.assets,2026-09-22,,Effect_StormforgeNegativeMysteries_Name,soulstorm
Sparkdew Crystals,Funkentaukristalle,effect,,localization,resources.assets,2026-09-22,,ModifierEffect_InitialImpatience_Name,sparkdew_crystals
Spices from the Citadel,Gewürze aus der Zitadelle,effect,,localization,resources.assets,2026-09-22,,ResolveEffect_SpicesfromtheCapital_Name,spices_from_the_citadel
Spreading Contamination,Aggressive Kontamination,effect,,localization,resources.assets,2026-09-22,,SeasonalEffect_CystImpatience_Name,spreading_contamination
Stag's Blessing,Segen des Hirschs,effect,,localization,resources.assets,2026-09-22,,ResolveEffect_StagBlessing_Name,stags_blessing
Stag's Echo,Echo des Hirschs,effect,,localization,resources.assets,2026-09-22,,Effect_StagEcho_Name,stags_echo
Stalking Shadows,Pirschende Schatten,effect,,localization,resources.assets,2026-09-22,,ConditionalNeedEffect_StalkingShadows_Name,stalking_shadows
Statue of the Forefathers,Statue der Ahnen,effect,,localization,resources.assets,2026-09-22,,ModifierEffect_OnePerk_Name,statue_of_the_forefathers
Steel Gut,Stahlmagen,effect,,localization,resources.assets,2026-09-22,,Effect_BatsLowerFoodConsumption_Name,steel_gut
Stingy Archivist,Kleinlicher Archivar,effect,,localization,resources.assets,2026-09-22,,Effect_StingyArchivist_Name,stingy_archivist
Stonetooth Swarm,Steinzahnschwarm,effect,,localization,resources.assets,2026-09-22,,Effect_HostilityFromTermites_Name,stonetooth_swarm
Stonewood Infestation,Steinholzbefall,effect,,localization,resources.assets,2026-09-22,,ModifierEffect_TreeCuttingTime_Name,stonewood_infestation
Storage Room,Lagerraum,effect,,localization,resources.assets,2026-09-22,,EffectModel_FrogHouseYearlyPacks_Name,storage_room
Stormbird's Anger,Zorn des Sturmvogels,effect,,localization,resources.assets,2026-09-22,,Effect_InstantStorm_Name,stormbirds_anger
Stormbird's Cry,Ruf des Sturmvogels,effect,,localization,resources.assets,2026-09-22,,Effect_StormbirdEggPenalty_Name,stormbirds_cry
Stormwalker Training,Sturmläufer-Ausbildung,effect,,localization,resources.assets,2026-09-22,,Effect_TravelTimeReduction_Name,stormwalker_training
Straight to the Hearth,Geradewegs zur Feuerstelle,effect,,localization,resources.assets,2026-09-22,,Effect_FasterCorruption_Name,straight_to_the_hearth
Strange Lights,Seltsame Lichter,effect,,localization,resources.assets,2026-09-22,,ConditionalNeedEffect_StrangeLights_Name,strange_lights
Strange Visions,Seltsame Visionen,effect,,localization,resources.assets,2026-09-22,,ConditionalNeedEffect_StrangeVisions_Name,strange_visions
Strength in Numbers,Gemeinsam sind wir stark,effect,,localization,resources.assets,2026-09-22,,Effect_ResilianceForFrog_Name,strength_in_numbers
Summon Guild Trader,Gildenhändler rufen,effect,,localization,resources.assets,2026-09-22,,Effect_CallTrader_Random_Name,summon_guild_trader
Summoned Smuggler,Beschworener Schmuggler,effect,,localization,resources.assets,2026-09-22,,Effect_WildcardPickCursed_Name,summoned_smuggler
Sun Festivities,Sonnenfest,effect,,localization,resources.assets,2026-09-22,,ConditionalNeedEffect_SunFestivities_Name,sun_festivities
Sunken Bones,Versunkene Knochen,effect,,localization,resources.assets,2026-09-22,,Effect_SeaMarrowForCopper_Name,sunken_bones
Supply Package,Nachschubpaket,effect,,localization,resources.assets,2026-09-22,,CycleEffect_PreparationPoints_Name,supply_package
Survivor Bonding,Überlebenden-Zusammenhalt,effect,,localization,resources.assets,2026-09-22,,ResolveEffect_SurvivorBonding_Name,survivor_bonding
Swarms,Schwärme,effect,,localization,resources.assets,2026-09-22,,ConditionalNeedEffect_Swarms_Name,swarms
Sweet Aroma,Süßes Aroma,effect,,localization,resources.assets,2026-09-22,,ResolveEffect_HumanResolveIncense_Name,sweet_aroma
Syndicate Trader,Syndikatshändler,effect,,localization,resources.assets,2026-09-22,,Effect_CallTrader_Syndicate_Name,syndicate_trader
Tale,Erzählung,effect,,localization,resources.assets,2026-09-22,,Effect_TW_GlobalResolve_Name,tale
Tarnished Necklace,Angelaufene Halskette,effect,,localization,resources.assets,2026-09-22,,CycleEffect_Status_TokenOfGratitude_Name,tarnished_necklace
Tempest,Unwetter,effect,,localization,resources.assets,2026-09-22,,ConditionalNeedEffect_Tempest_Name,tempest
Termite Infestation,Termitenbefall,effect,,localization,resources.assets,2026-09-22,,Effect_SlowFarmingTermites_Name,termite_infestation
The Elder's Cat,Katze des Ältesten,effect,,localization,resources.assets,2026-09-22,,Effect_WeFirstElderBonus_Name,the_elders_cat
The Eremite's Way,Der Weg des Eremiten,effect,,localization,resources.assets,2026-09-22,,Effect_WE_BlueprintReroll_Name,the_eremites_way
The Generous Envoy,Der großzügige Gesandte,effect,,localization,resources.assets,2026-09-22,,Effect_3OrderPicks_Name,the_generous_envoy
The Night's Embrace,Umarmung der Nacht,effect,,localization,resources.assets,2026-09-22,,Effect_EmbraceTheNight_Name,the_nights_embrace
The Other Settlement,Die andere Siedlung,effect,,localization,resources.assets,2026-09-22,,Effect_TheOtherSettlement_Name,the_other_settlement
The People's Vengeance,Die Rache des Volkes,effect,,localization,resources.assets,2026-09-22,,Effect_WeResilienceResolveDropsFaster_Name,the_peoples_vengeance
The Procession,Die Prozession,effect,,localization,resources.assets,2026-09-22,,Effect_FuneralFeast_Hostility_Name,the_procession
The Queen's People,Das Volk der Königin,effect,,localization,resources.assets,2026-09-22,,Effect_AdditionalImpatienceForDeath_Name,the_queens_people
The Sacred Grove,Der heilige Hain,effect,,localization,resources.assets,2026-09-22,,ModifierEffect_4Races_Name,the_sacred_grove
The Sparkcaster,Der Funkensprüher,effect,,localization,resources.assets,2026-09-22,,Effect_BlightFighterSpeed_Name,the_sparkcaster
The heavy rain is unbearable.,Der starke Regen ist unerträglich.,effect,,localization,resources.assets,2026-09-22,,ResolveEffect_StormClothes_Name,the_heavy_rain_is_unbearable
Thieving Fishmen,Diebische Fischmenschen,effect,,localization,resources.assets,2026-09-22,,Effect_RemoveFoodOverTime_Outpost_Name,thieving_fishmen
Third Party,Drittpartei,effect,,localization,resources.assets,2026-09-22,,Effect_ThirdParty_Name,third_party
Thrill of Exploration,Nervenkitzel der Erkundung,effect,,localization,resources.assets,2026-09-22,,ResolveEffect_ThrillOfExploration_Name,thrill_of_exploration
Thunder,Donner,effect,,localization,resources.assets,2026-09-22,,ConditionalNeedEffect_3BuildingsDestroyed_Name,thunder
Time of Reflection,Zeit der Einkehr,effect,,localization,resources.assets,2026-09-22,,Effect_FuneralFeast_WorkingSpeed_Name,time_of_reflection
Tit for Tat,"Wie du mir, so ich dir",effect,,localization,resources.assets,2026-09-22,,Effect_TradersPrices_Name,tit_for_tat
Toolshed,Geräteschuppen,effect,,localization,resources.assets,2026-09-22,,EffectModel_HumanHousesUniqueBonus_Name,toolshed
Toxic Fumes,Giftige Dämpfe,effect,,localization,resources.assets,2026-09-22,,ResolveEffect_ToxicFumes_Name,toxic_fumes
Toxic Ooze,Giftiger Schlamm,effect,,localization,resources.assets,2026-09-22,,Effect_ToxicLeak_Name,toxic_ooze
Toxicity,Toxizität,effect,,localization,resources.assets,2026-09-22,,Effect_ToxicSlug_RemoveFishWater_Name,toxicity
Trade Negotiations,Handelsverhandlungen,effect,,localization,resources.assets,2026-09-22,,Effect_MoreAmberFromRoutes_Name,trade_negotiations
Treatment,Behandlung,effect,,localization,resources.assets,2026-09-22,,ResolveEffect_TreatmentEffect_Name,treatment
Tree Grazer,Baumfresser,effect,,localization,resources.assets,2026-09-22,,Effect_ModTreeEater_Name,tree_grazer
Unbearable Smell,Unerträglicher Geruch,effect,,localization,resources.assets,2026-09-22,,Effect_BlightRateforResolveReputation_Child_Name,unbearable_smell
Under An Open Sky,Unter freiem Himmel,effect,,localization,resources.assets,2026-09-22,,ConditionalNeedEffect_UnderTheOpenSky_Name,under_an_open_sky
Under the Queen's Gaze,Unter den Augen der Königin,effect,,localization,resources.assets,2026-09-22,,Effect_NoOrderChoice_Name,under_the_queens_gaze
Unearthly Element,Überirdisches Element,effect,,localization,resources.assets,2026-09-22,,SeasonalEffect_UnearthlyElement_Name,unearthly_element
Unfair Rationing,Unfaire Rationierung,effect,,localization,resources.assets,2026-09-22,,ResolveEffect_UnfairProhibitionPenalty_Name,unfair_rationing
Unfavorable Weather,Ungünstiges Wetter,effect,,localization,resources.assets,2026-09-22,,Effect_NoPositiveSeasonalEffects_Name,unfavorable_weather
Unique Ally,Einzigartiger Verbündeter,effect,,localization,resources.assets,2026-09-22,,ResolveEffect_HarpyStormbirdResolve_Name,unique_ally
Unleashed Beast,Entfesselte Bestie,effect,,localization,resources.assets,2026-09-22,,Effect_WarBeastHostility_Name,unleashed_beast
Unnatural Erosion,Unnatürliche Erosion,effect,,localization,resources.assets,2026-09-22,,Effect_SMod_FewerDepositsCharges_Name,unnatural_erosion
Unshackled Spirits,Entfesselte Geister,effect,,localization,resources.assets,2026-09-22,,Effect_StormforgeResolve_Name,unshackled_spirits
Untamed Wilds,Ungezähmte Wildnis,effect,,localization,resources.assets,2026-09-22,,ModifierEffect_UntamedWilds_Name,untamed_wilds
Untapped Wealth,Ungenutzter Reichtum,effect,,localization,resources.assets,2026-09-22,,SeasonalEffect_NodesBonuses_Name,untapped_wealth
Unwelcoming Region,Unwirtliche Region,effect,,localization,resources.assets,2026-09-22,,Effect_CaravanTradeBlock_Name,unwelcoming_region
Unyielding Corruption,Gnadenlose Verderbnis,effect,,localization,resources.assets,2026-09-22,,SeasonalEffect_CorruptionFavoringBlock_Name,unyielding_corruption
Upgraded Woodcutting,Holzfällen upgegradet,effect,,localization,resources.assets,2026-09-22,,Effect_WE_WoodcuttersCampUpgrades_Name,upgraded_woodcutting
Urban Planning,Stadtplanung,effect,,localization,resources.assets,2026-09-22,,Effect_HubsForHousingSpots_Name,urban_planning
Usury,Wucher,effect,,localization,resources.assets,2026-09-22,,Effect_BlackMarketPayment_Name,usury
Vanishing,Verschwindet,effect,,localization,resources.assets,2026-09-22,,Effect_GhostRemoveSelf_Name,vanishing
Vanishing Goods,Verschwindende Waren,effect,,localization,resources.assets,2026-09-22,,ConditionalNeedEffect_GrowingServiceConsumption_Name,vanishing_goods
Vanishing Water,Verschwindendes Wasser,effect,,localization,resources.assets,2026-09-22,,SeasonalEffect_MoreWaterConsumption_Name,vanishing_water
Vassal Tax,Vasallensteuer,effect,,localization,resources.assets,2026-09-22,,SeasonalEffect_ImpatienceForAmber_Name,vassal_tax
Viceroy's Survival Guide,Überlebenshandbuch des Statthalters,effect,,localization,resources.assets,2026-09-22,,Effect_FoodProductionSpeed20_Name,viceroys_survival_guide
Village Mascot,Dorfmaskottchen,effect,,localization,resources.assets,2026-09-22,,Effect_BiomePoroResolve_Name,village_mascot
Violent Dusk,Brutale Abenddämmerung,effect,,localization,resources.assets,2026-09-22,,Effect_WorseStorms_Permanent_Name,violent_dusk
Vitality,Vitalität,effect,,localization,resources.assets,2026-09-22,,Effect_InstitutionResolveForComplexFood_Name,vitality
Voice of the Forest,Stimme des Waldes,effect,,localization,resources.assets,2026-09-22,,Effect_CystForGlade_Name,voice_of_the_forest
Voice of the Sealed Ones,Stimme der Versiegelten,effect,,localization,resources.assets,2026-09-22,,Effect_CorruptionKill_Name,voice_of_the_sealed_ones
Watchtower,Wachturm,effect,,localization,resources.assets,2026-09-22,,ModifierEffect_NoHostility_Name,watchtower
Water Pipeline,Wasserleitung,effect,,localization,resources.assets,2026-09-22,,EffectModel_FrogHouseResolveForEngines_Name,water_pipeline
Watery Grave,Nasses Grab,effect,,localization,resources.assets,2026-09-22,,Effect_WateryGrave_Name,watery_grave
Ways of the Forest,Wege des Waldes,effect,,localization,resources.assets,2026-09-22,,Effect_HostilityLower_Name,ways_of_the_forest
Wealth,Reichtum,effect,,localization,resources.assets,2026-09-22,,ResolveEffect_Wealth_Name,wealth
Weather Anomaly,Wetteranomalie,effect,,localization,resources.assets,2026-09-22,,ModifierEffect_LongStorm_Name,weather_anomaly
Wet Soil,Nasser Erdboden,effect,,localization,resources.assets,2026-09-22,,Effect_WetSoil_Name,wet_soil
Whispering Tombs,Flüsternde Gräber,effect,,localization,resources.assets,2026-09-22,,Effect_WhisperingTombs_Name,whispering_tombs
Wide Nets,Große Netze,effect,,localization,resources.assets,2026-09-22,,Effect_FishingSpeed_Name,wide_nets
Wild Growth,Wildwuchs,effect,,localization,resources.assets,2026-09-22,,ConditionalNeedEffect_MoreDepositCharges_Name,wild_growth
Wine Shortage,Weinknappheit,effect,,localization,resources.assets,2026-09-22,,Effect_WineShortage_Name,wine_shortage
Woodcutter's Prayer,Das Gebet des Holzfällers,effect,,localization,resources.assets,2026-09-22,,Effect_WoodcuttersPrayer_Name,woodcutters_prayer
Workbench,Werkbank,effect,,localization,resources.assets,2026-09-22,,EffectModel_FrogHouseBuildingMatCrit_Name,workbench
Worker Mobilization,Mobilisierung von Arbeitnehmern,effect,,localization,resources.assets,2026-09-22,,Effect_ExtraProductionForRelicsInProgress_Name,worker_mobilization
Worker's Rations,Arbeiter-Rationen,effect,,localization,resources.assets,2026-09-22,,Effect_ExtraProdForConsumption_Name,workers_rations
Worms After the Rain,Würmer nach dem Regen,effect,,localization,resources.assets,2026-09-22,,ConditionalNeedEffect_InsectsInScavenger_Name,worms_after_the_rain
Writing Desk,Schreibpult,effect,,localization,resources.assets,2026-09-22,,EffectModel_BeaverHousesUniqueBonus_Name,writing_desk
Zitan Box,Zitan-Schatulle,effect,,localization,resources.assets,2026-09-22,,Effect_BlightrotedViceroyBox_Name,zitan_box
Altar of Decay,Altar des Verfalls,glade_event,,localization,resources.assets,2026-09-22,,Relic_AltarOfDecay_Name,altar_of_decay
Ancient Burial Site,Alte Grabstätte,glade_event,,localization,resources.assets,2026-09-22,,Relic_BurrialGrounds_Name,ancient_burial_site
Ancient Shrine,Uralter Schrein,glade_event,,localization,resources.assets,2026-09-22,,Relic_AncientShrine_T1_Name,ancient_shrine
Archaeological Discovery,Archäologische Entdeckung,glade_event,,localization,resources.assets,2026-09-22,,Relic_ScorpionStage1_Name,archaeological_discovery
Archaeological Excavation,Archäologische Ausgrabungen,glade_event,,localization,resources.assets,2026-09-22,,Relic_ScorpionStage2_Name,archaeological_excavation
Archaeological Reconstruction,Archäologische Rekonstruktion,glade_event,,localization,resources.assets,2026-09-22,,Relic_ScorpionStage3_Name,archaeological_reconstruction
Black Treasure Stag,Schwarzer Schatzhirsch,glade_event,,localization,resources.assets,2026-09-22,,Relic_BlackStag_Name,black_treasure_stag
Blightrot Cauldron,Pestfäulekessel,glade_event,,localization,resources.assets,2026-09-22,,Relic_BlightrotCauldron_Name,blightrot_cauldron
Blood Flower,Blutblume,glade_event,,localization,resources.assets,2026-09-22,,Relic_Blightrot_T1_Name,blood_flower
Blood Flower (Clone),Blutblume (Klon),glade_event,,localization,resources.assets,2026-09-22,,Relic_Blightrot_Clone_T1_Name,blood_flower_clone
Corrupted Caravan,Verseuchte Karawane,glade_event,,localization,resources.assets,2026-09-22,,Relic_CorruptedCaravana_Name,corrupted_caravan
Dark Gate,Tor der Finsternis,glade_event,,localization,resources.assets,2026-09-22,,Relic_AncientGate_Name,dark_gate
Destroyed Cage of the Warbeast,Zerstörter Käfig der Kriegsbestie,glade_event,,localization,resources.assets,2026-09-22,,Relic_WarBeastCage_Name,destroyed_cage_of_the_warbeast
Destroyed Rainpunk Foundry,Zerstörte Regenpunk-Gießerei,glade_event,,localization,resources.assets,2026-09-22,,Relic_RainpunkFactory_Name,destroyed_rainpunk_foundry
Drainage Mole,Abflussmaulwurf,glade_event,,localization,resources.assets,2026-09-22,,Relic_Mole_Name,drainage_mole
Escaped Convicts,Entflohene Sträflinge,glade_event,,localization,resources.assets,2026-09-22,,Relic_Convicts_Name,escaped_convicts
Fallen Bat Miners,Gefallene Fledermaus-Bergarbeiter,glade_event,,localization,resources.assets,2026-09-22,,Relic_BatBattleground_T1_Name,fallen_bat_miners
Fallen Beaver Traders,Gefallene Biberhändler,glade_event,,localization,resources.assets,2026-09-22,,Relic_BeaverBattleground_T1_Name,fallen_beaver_traders
Fallen Fox Scouts,Gefallene Fuchsspäher,glade_event,,localization,resources.assets,2026-09-22,,Relic_FoxBattleground_T1_Name,fallen_fox_scouts
Fallen Frog Architects,Gefallene Froscharchitekten,glade_event,,localization,resources.assets,2026-09-22,,Relic_FrogBattleground_T1_Name,fallen_frog_architects
Fallen Harpy Scientists,Gefallene Harpyien-Wissenschaftler,glade_event,,localization,resources.assets,2026-09-22,,Relic_HarpyBattleground_T1_Name,fallen_harpy_scientists
Fallen Human Explorers,Gruppe gefallener Menschen-Erkunder,glade_event,,localization,resources.assets,2026-09-22,,Relic_HumanBattleground_T1_Name,fallen_human_explorers
Fallen Lizard Hunters,Gefallene Echsenjäger,glade_event,,localization,resources.assets,2026-09-22,,Relic_LizardBattleground_T1_Name,fallen_lizard_hunters
Fishman Soothsayer,Fischmenschen-Hellseher,glade_event,,localization,resources.assets,2026-09-22,,Relic_FishmenSoothsayer_Name,fishman_soothsayer
Fishmen Cave,Fischmenschenhöhle,glade_event,,localization,resources.assets,2026-09-22,,Relic_FishmenCave_Name,fishmen_cave
Fishmen Lighthouse,Fischmenschenleuchtturm,glade_event,,localization,resources.assets,2026-09-22,,Relic_FishmenLighthouse_Name,fishmen_lighthouse
Fishmen Outpost,Fischmenschen-Außenposten,glade_event,,localization,resources.assets,2026-09-22,,Relic_FishmenOutpost_Name,fishmen_outpost
Fishmen Totem,Fischmenschentotem,glade_event,,localization,resources.assets,2026-09-22,,Relic_FishmenTotem_Name,fishmen_totem
Forgotten Temple of the Sun,Vergessener Sonnentempel,glade_event,,localization,resources.assets,2026-09-22,,Relic_Temple_Name,forgotten_temple_of_the_sun
Forsaken Crypt,Verlassene Gruft,glade_event,,localization,resources.assets,2026-09-22,,Relic_ForsakenCrypt_Name,forsaken_crypt
Fuming Machinery,Dampfende Maschine,glade_event,,localization,resources.assets,2026-09-22,,Relic_FumingMachinery_Name,fuming_machinery
Ghost Chest,Geistertruhe,glade_event,,localization,resources.assets,2026-09-22,,Relic_GenericGhostChest_T1_Name,ghost_chest
Ghost of Crazed Engineer,Geist eines verrückten Ingenieurs,glade_event,,localization,resources.assets,2026-09-22,,Relic_Ghost41_Name,ghost_of_crazed_engineer
Ghost of a Beaver Engineer,Geist einer Biberingenieurin,glade_event,,localization,resources.assets,2026-09-22,,Relic_Ghost18_Name,ghost_of_a_beaver_engineer
Ghost of a Blight Fighter Captain,Geist eines Pestfäulekämpfer-Hauptmanns,glade_event,,localization,resources.assets,2026-09-22,,Relic_Ghost1_Name,ghost_of_a_blight_fighter_captain
Ghost of a Corrupt Judge,Geist einer korrupten Richterin,glade_event,,localization,resources.assets,2026-09-22,,Relic_Ghost42_Name,ghost_of_a_corrupt_judge
Ghost of a Defeated Viceroy,Geist eines besiegten Statthalters,glade_event,,localization,resources.assets,2026-09-22,,Relic_Ghost11_Name,ghost_of_a_defeated_viceroy
Ghost of a Deranged Scout,Geist einer wahnsinnigen Späherin,glade_event,,localization,resources.assets,2026-09-22,,Relic_Ghost4_Name,ghost_of_a_deranged_scout
Ghost of a Druid,Geist einer Druidin,glade_event,,localization,resources.assets,2026-09-22,,Relic_Ghost12_Name,ghost_of_a_druid
Ghost of a Fallen Newcomer,Geist eines gefallenen Neulings,glade_event,,localization,resources.assets,2026-09-22,,Relic_Ghost8_Name,ghost_of_a_fallen_newcomer
Ghost of a Fire Priest,Geist eines Feuerpriesters,glade_event,,localization,resources.assets,2026-09-22,,Relic_Ghost23_Name,ghost_of_a_fire_priest
Ghost of a Fox Elder,Geist eines Fuchsältesten,glade_event,,localization,resources.assets,2026-09-22,,Relic_Ghost35_Name,ghost_of_a_fox_elder
Ghost of a Furious Villager,Geist eines wütenden Dorfbewohners,glade_event,,localization,resources.assets,2026-09-22,,Relic_Ghost5_Name,ghost_of_a_furious_villager
Ghost of a Homeless Man,Geist eines Obdachlosen,glade_event,,localization,resources.assets,2026-09-22,,Relic_Ghost40_Name,ghost_of_a_homeless_man
Ghost of a Hooded Knight,Geist eines vermummten Ritters,glade_event,,localization,resources.assets,2026-09-22,,Relic_Ghost22_Name,ghost_of_a_hooded_knight
Ghost of a Lizard Elder,Geist eines Echsenältesten,glade_event,,localization,resources.assets,2026-09-22,,Relic_Ghost31_Name,ghost_of_a_lizard_elder
Ghost of a Lizard General,Geist eines Echsengenerals,glade_event,,localization,resources.assets,2026-09-22,,Relic_Ghost30_Name,ghost_of_a_lizard_general
Ghost of a Lizard Leader,Geist einer Echsenführerin,glade_event,,localization,resources.assets,2026-09-22,,Relic_Ghost16_Name,ghost_of_a_lizard_leader
Ghost of a Lizard Worker,Geist einer Echsenarbeiterin,glade_event,,localization,resources.assets,2026-09-22,,Relic_Ghost20_Name,ghost_of_a_lizard_worker
Ghost of a Lost Scout,Geist eines verlorenen Spähers,glade_event,,localization,resources.assets,2026-09-22,,Relic_Ghost32_Name,ghost_of_a_lost_scout
Ghost of a Loyal Servant,Geist eines treuen Dieners,glade_event,,localization,resources.assets,2026-09-22,,Relic_Ghost9_Name,ghost_of_a_loyal_servant
Ghost of a Mad Alchemist,Geist einer verrückten Alchemistin,glade_event,,localization,resources.assets,2026-09-22,,Relic_Ghost2_Name,ghost_of_a_mad_alchemist
Ghost of a Miner,Geist einer Bergarbeiterin,glade_event,,localization,resources.assets,2026-09-22,,Relic_Ghost44_Name,ghost_of_a_miner
Ghost of a Mourning Harpy,Geist einer trauernden Harpyie,glade_event,,localization,resources.assets,2026-09-22,,Relic_Ghost29_Name,ghost_of_a_mourning_harpy
Ghost of a Murdered Trader,Geist eines ermordeten Händlers,glade_event,,localization,resources.assets,2026-09-22,,Relic_Ghost34_Name,ghost_of_a_murdered_trader
Ghost of a Philosopher,Geist eines Philosophen,glade_event,,localization,resources.assets,2026-09-22,,Relic_Ghost39_Name,ghost_of_a_philosopher
Ghost of a Poisoned Human,Geist eines vergifteten Menschen,glade_event,,localization,resources.assets,2026-09-22,,Relic_Ghost19_Name,ghost_of_a_poisoned_human
Ghost of a Resentful Human,Geist eines nachtragenden Menschen,glade_event,,localization,resources.assets,2026-09-22,,Relic_Ghost14_Name,ghost_of_a_resentful_human
Ghost of a Royal Architect,Geist einer königlichen Architektin,glade_event,,localization,resources.assets,2026-09-22,,Relic_Ghost26_Name,ghost_of_a_royal_architect
Ghost of a Royal Executioner,Geist eines königlichen Henkers,glade_event,,localization,resources.assets,2026-09-22,,Relic_Ghost43_Name,ghost_of_a_royal_executioner
Ghost of a Royal Gardener,Geist eines königlichen Gärtners,glade_event,,localization,resources.assets,2026-09-22,,Relic_Ghost13_Name,ghost_of_a_royal_gardener
Ghost of a Scared Firekeeper,Geist einer verängstigten Feuerwächterin,glade_event,,localization,resources.assets,2026-09-22,,Relic_Ghost6_Name,ghost_of_a_scared_firekeeper
Ghost of a Starved Harpy,Geist einer ausgehungerten Harpyie,glade_event,,localization,resources.assets,2026-09-22,,Relic_Ghost21_Name,ghost_of_a_starved_harpy
Ghost of a Storm Victim,Geist eines Sturmopfers,glade_event,,localization,resources.assets,2026-09-22,,Relic_Ghost28_Name,ghost_of_a_storm_victim
Ghost of a Suppressed Rebel,Geist einer unterdrückten Rebellin,glade_event,,localization,resources.assets,2026-09-22,,Relic_Ghost10_Name,ghost_of_a_suppressed_rebel
Ghost of a Teadoctor,Geist eines Teedoktors,glade_event,,localization,resources.assets,2026-09-22,,Relic_Ghost36_Name,ghost_of_a_teadoctor
Ghost of a Terrified Woodcutter,Geist eines verängstigten Holzfällers,glade_event,,localization,resources.assets,2026-09-22,,Relic_Ghost3_Name,ghost_of_a_terrified_woodcutter
Ghost of a Tortured Harpy,Geist einer gequälten Harpyie,glade_event,,localization,resources.assets,2026-09-22,,Relic_Ghost17_Name,ghost_of_a_tortured_harpy
Ghost of a Treasure Hunter,Geist eines Schatzjägers,glade_event,,localization,resources.assets,2026-09-22,,Relic_Ghost25_Name,ghost_of_a_treasure_hunter
Ghost of a Troublemaker,Geist eines Unruhestifters,glade_event,,localization,resources.assets,2026-09-22,,Relic_Ghost7_Name,ghost_of_a_troublemaker
Ghost of a Worried Carter,Geist eines besorgten Fuhrmanns,glade_event,,localization,resources.assets,2026-09-22,,Relic_Ghost27_Name,ghost_of_a_worried_carter
Ghost of an Innkeeper,Geist einer Gastwirtin,glade_event,,localization,resources.assets,2026-09-22,,Relic_Ghost24_Name,ghost_of_an_innkeeper
Ghost of an Old Merchant,Geist eines alten Händlers,glade_event,,localization,resources.assets,2026-09-22,,Relic_Ghost33_Name,ghost_of_an_old_merchant
Ghost of an Old Stonemason,Geist eines alten Steinmetzes,glade_event,,localization,resources.assets,2026-09-22,,Relic_Ghost38_Name,ghost_of_an_old_stonemason
Ghost of the Queen's Lickspittle,Geist des Speichelleckers der Königin,glade_event,,localization,resources.assets,2026-09-22,,Relic_Ghost15_Name,ghost_of_the_queens_lickspittle
Giant Stormbird's Nest,Riesensturmvogelnest,glade_event,,localization,resources.assets,2026-09-22,,Relic_Stormbird_Name,giant_stormbirds_nest
Golden Treasure Stag,Goldener Schatzhirsch,glade_event,,localization,resources.assets,2026-09-22,,Relic_GoldStag_Name,golden_treasure_stag
Harmony Spirit Altar,Harmoniegeist-Altar,glade_event,,localization,resources.assets,2026-09-22,,Relic_HarmonyAltar_Name,harmony_spirit_altar
Hidden Trader Cemetery,Geheimer Händlerfriedhof,glade_event,,localization,resources.assets,2026-09-22,,Relic_TradersCemetery_Name,hidden_trader_cemetery
Hungry Mistworm,Hungriger Nebelwurm,glade_event,,localization,resources.assets,2026-09-22,,Relic_Mistworm_T1_Name,hungry_mistworm
Infected Drainage Mole,Infizierter Abflussmaulwurf,glade_event,,localization,resources.assets,2026-09-22,,Relic_InfectedMole_Name,infected_drainage_mole
Large Abandoned Cache,Großes aufgegebenes Versteck,glade_event,,localization,resources.assets,2026-09-22,,Relic_RewardChest_T3_Name,large_abandoned_cache
Large Destroyed Caravan,Große zerstörte Karawane,glade_event,,localization,resources.assets,2026-09-22,,Relic_Caravan_T2_Name,large_destroyed_caravan
Large Encampment,Großer Lagerplatz,glade_event,,localization,resources.assets,2026-09-22,,Relic_Camp_T2_Name,large_encampment
Leaking Cauldron,Undichter Kessel,glade_event,,localization,resources.assets,2026-09-22,,Relic_LeakingCauldron_Name,leaking_cauldron
Lightning Catcher,Blitzfänger,glade_event,,localization,resources.assets,2026-09-22,,Relic_LightningCatcher_Name,lightning_catcher
Lurker,Wasserlauerer,glade_event,,localization,resources.assets,2026-09-22,,Relic_ToxicSlug_Name,lurker
Medium Abandoned Cache,Mittleres aufgegebenes Versteck,glade_event,,localization,resources.assets,2026-09-22,,Relic_RewardChest_T2_Name,medium_abandoned_cache
Merchant Shipwreck,Handelsschiffswrack,glade_event,,localization,resources.assets,2026-09-22,,Relic_MerchantShipWreck_Name,merchant_shipwreck
Noxious Machinery,Schädliche Maschine,glade_event,,localization,resources.assets,2026-09-22,,Relic_NoxiousMachinery_Name,noxious_machinery
Obelisk,Obelisk,glade_event,,localization,resources.assets,2026-09-22,,Relic_Monolith_Name,obelisk
Open Vault,Offenes Gewölbe,glade_event,,localization,resources.assets,2026-09-22,,Relic_SealedTomb_T2_Name,open_vault
Petrified Gargoyle,Versteinerter Gargoyle,glade_event,,localization,resources.assets,2026-09-22,,Relic_Gargoyle_Name,petrified_gargoyle
Petrified Tree,Versteinerter Baum,glade_event,,localization,resources.assets,2026-09-22,,Relic_PetrifiedTree_T1_Name,petrified_tree
Rain Spirit Totem,Regengeist-Totem,glade_event,,localization,resources.assets,2026-09-22,,Relic_RainTotem_Name,rain_spirit_totem
Rainpunk Drill,Regenpunk-Bohrer,glade_event,,localization,resources.assets,2026-09-22,,Relic_RainpunkDrill_Name,rainpunk_drill
River Kelpie,Flussgeist,glade_event,,localization,resources.assets,2026-09-22,,Relic_Kelpie_Name,river_kelpie
Royal Treasure Stag,Königlicher Schatzhirsch,glade_event,,localization,resources.assets,2026-09-22,,Relic_WhiteStag_Name,royal_treasure_stag
Sea Serpent,Seeschlange,glade_event,,localization,resources.assets,2026-09-22,,Relic_SnakeReconstructed_Name,sea_serpent
Sealed Spider,Versiegelte Spinne,glade_event,,localization,resources.assets,2026-09-22,,Relic_SpiderReconstructed_Name,sealed_spider
Small Abandoned Cache,Kleines aufgegebenes Versteck,glade_event,,localization,resources.assets,2026-09-22,,Relic_RewardChest_T1_Name,small_abandoned_cache
Small Destroyed Caravan,Kleine zerstörte Karawane,glade_event,,localization,resources.assets,2026-09-22,,Relic_Caravan_T1_Name,small_destroyed_caravan
Small Encampment,Kleiner Lagerplatz,glade_event,,localization,resources.assets,2026-09-22,,Relic_Camp_T1_Name,small_encampment
Small Stormforge,Kleine Sturmschmiede,glade_event,,localization,resources.assets,2026-09-22,,Relic_Stormforge_Name,small_stormforge
Smoldering Scorpion,Schwelender Skorpion,glade_event,,localization,resources.assets,2026-09-22,,Relic_ScorpionReconstructed_Name,smoldering_scorpion
Spectral Stag,Geisterhirsch,glade_event,,localization,resources.assets,2026-09-22,,Relic_GhostStag_Name,spectral_stag
Stonetooth Termite Burrow,Steinzahn-Termitenbau,glade_event,,localization,resources.assets,2026-09-22,,Relic_Termite_Name,stonetooth_termite_burrow
Totem of Denial,Totem der Leugnung,glade_event,,localization,resources.assets,2026-09-22,,Relic_TotemOfDenial_Name,totem_of_denial
Wandering Merchant - Hermit,Fahrender Händler – Einsiedler,glade_event,,localization,resources.assets,2026-09-22,,Relic_GladeTrader_Hermit_Name,wandering_merchant_hermit
Wandering Merchant - Seer,Fahrender Händler – Seherin,glade_event,,localization,resources.assets,2026-09-22,,Relic_GladeTrader_Seer_Name,wandering_merchant_seer
Wandering Merchant - Shaman,Fahrender Händler – Schamane,glade_event,,localization,resources.assets,2026-09-22,,Relic_GladeTrader_Shaman_Name,wandering_merchant_shaman
Wildfire,Wildfeuer,glade_event,,localization,resources.assets,2026-09-22,,Relic_Wildfire_Name,wildfire
Withered Tree,Verwelkter Baum,glade_event,,localization,resources.assets,2026-09-22,,Relic_InfectedTree_Name,withered_tree
A Place for Rest,Ein Ort zum Ausruhen,order,,localization,resources.assets,2026-09-22,,Order_Tutorial_II_Tavern_Name,a_place_for_rest
Advanced Cuisine,Gehobene Küche,order,,localization,resources.assets,2026-09-22,,Order_IVATOCooking_Name,advanced_cuisine
Advanced District,Fortgeschrittener Bezirk,order,,localization,resources.assets,2026-09-22,,Order_HubT3_Name,advanced_district
Advanced Farming,Fortschrittliche Landwirtschaft,order,,localization,resources.assets,2026-09-22,,Order_IIFarming_Name,advanced_farming
Advanced Logistics,Fortschrittliche Logistik,order,,localization,resources.assets,2026-09-22,,Order_IIILogistics_Name,advanced_logistics
Advanced Outposts,Fortschrittliche Außenposten,order,,localization,resources.assets,2026-09-22,,Order_IVAOutpost_Name,advanced_outposts
Advanced Trading,Fortschrittliches Handeln,order,,localization,resources.assets,2026-09-22,,Order_IITradeGoods_Name,advanced_trading
Adventurous Viceroy,Abenteuerlustiger Statthalter,order,,localization,resources.assets,2026-09-22,,Order_IITODiscoverDangerousGlades_Name,adventurous_viceroy
Aesthetics,Ästhetik,order,,localization,resources.assets,2026-09-22,,Order_IIIAesthetics_Name,aesthetics
Agriculture,Landwirtschaft,order,,localization,resources.assets,2026-09-22,,Order_IIITemple_Name,agriculture
Aid For the Beaver Clan,Hilfe für die Biber-Fraktion,order,,localization,resources.assets,2026-09-22,,Order_IIAidBeavers_Name,aid_for_the_beaver_clan
Aid for the Bat Clan,Hilfe für den Fledermausclan,order,,localization,resources.assets,2026-09-22,,Order_IIAidBats_Name,aid_for_the_bat_clan
Aid for the Fox Pack,Hilfe für das Fuchsrudel,order,,localization,resources.assets,2026-09-22,,Order_IIAidFoxes_Name,aid_for_the_fox_pack
Aid for the Frog Clan,Hilfe für den Froschclan,order,,localization,resources.assets,2026-09-22,,Order_IIAidFrogs_Name,aid_for_the_frog_clan
Aid for the Human Clan,Hilfe für die Menschen-Fraktion,order,,localization,resources.assets,2026-09-22,,Order_IIAidHumans_Name,aid_for_the_human_clan
Aid for the Lizard Clan,Hilfe für die Echsen-Fraktion,order,,localization,resources.assets,2026-09-22,,Order_IIAidLizards_Name,aid_for_the_lizard_clan
Aiding the Flock,Dem Schwarm helfen,order,,localization,resources.assets,2026-09-22,,Order_IIAidHarpies_Name,aiding_the_flock
Algal Bloom,Algenblüte,order,,localization,resources.assets,2026-09-22,,Order_IIFishingTrialAlgae_Name,algal_bloom
All at Once,Alles auf einmal,order,,localization,resources.assets,2026-09-22,,Order_IVGladesInTime_Name,all_at_once
Allies,Verbündete,order,,localization,resources.assets,2026-09-22,,Order_StandingT4_Name,allies
Amber Trade,Bernsteinhandel,order,,localization,resources.assets,2026-09-22,,Order_IAmber_Name,amber_trade
Ancient Artifacts,Uralte Artefakte,order,,localization,resources.assets,2026-09-22,,Order_IITablets_Name,ancient_artifacts
Ancient Tablets,Uralte Tafeln,order,,localization,resources.assets,2026-09-22,,Order_Tutorial_DeepExploration_Name,ancient_tablets
Archaeology,Archäologie,order,,localization,resources.assets,2026-09-22,,Order_IIIExploration_Name,archaeology
Architects,Architekten,order,,localization,resources.assets,2026-09-22,,Order_IBFrogs_Name,architects
Arena,Arena,order,,localization,resources.assets,2026-09-22,,Order_IIILizardService_Name,arena
Barbecue,Grillfest,order,,localization,resources.assets,2026-09-22,,Order_IBarbecue_Name,barbecue
Basic Ingredient,Grundzutat,order,,localization,resources.assets,2026-09-22,,Order_IBasicIngredient_Name,basic_ingredient
Basic Logistics,Grundlegende Logistik,order,,localization,resources.assets,2026-09-22,,Order_IBPaths_Name,basic_logistics
Basic Packages,Grundpakete,order,,localization,resources.assets,2026-09-22,,Order_IIITOBasicPacks_Name,basic_packages
Basic Rights,Grundbedürfnisse,order,,localization,resources.assets,2026-09-22,,Order_Generic_NeedSatisfiedForTime2_Name,basic_rights
Bat Colony,Fledermauskolonie,order,,localization,resources.assets,2026-09-22,,Order_IITOHomesforBats_Name,bat_colony
Bat Influx,Fledermaus-Zustrom,order,,localization,resources.assets,2026-09-22,,Order_IIBatInflux_Name,bat_influx
Bat Majority,Fledermaus-Mehrheit,order,,localization,resources.assets,2026-09-22,,Order_IVBatMajority_Name,bat_majority
Bat Population,Fledermausbevölkerung,order,,localization,resources.assets,2026-09-22,,Order_IIBatPopulation_Name,bat_population
Bat Relatives,Fledermausverwandte,order,,localization,resources.assets,2026-09-22,,Order_BatRelatives_Name,bat_relatives
Bat Villagers,Fledermaus-Dorfbewohner,order,,localization,resources.assets,2026-09-22,,Order_IIIBatResolve_Name,bat_villagers
Beaver Colony,Biberkolonie,order,,localization,resources.assets,2026-09-22,,Order_IITOHomesforBeavers_Name,beaver_colony
Beaver Influx,Biber-Zustrom,order,,localization,resources.assets,2026-09-22,,Order_IIBeaverInflux_Name,beaver_influx
Beaver Majority,Biber-Mehrheit,order,,localization,resources.assets,2026-09-22,,Order_IVBHighBuildings_Name,beaver_majority
Beaver Population,Biberbevölkerung,order,,localization,resources.assets,2026-09-22,,Order_IIBeaverPopulation_Name,beaver_population
Beaver Relatives,Biberverwandte,order,,localization,resources.assets,2026-09-22,,Order_BeaverRelatives_Name,beaver_relatives
Beaver Resolve,Biber-Entschlossenheit,order,,localization,resources.assets,2026-09-22,,Order_IIIResolveBeavers_Name,beaver_resolve
Beer Snacks,Biersnacks,order,,localization,resources.assets,2026-09-22,,Order_IVBTOBeerandSnacks_Name,beer_snacks
Beginner Engineer,Unerfahrener Ingenieur,order,,localization,resources.assets,2026-09-22,,Order_IPump_Name,beginner_engineer
Big Delivery,Große Lieferung,order,,localization,resources.assets,2026-09-22,,Order_BuildingPacks_Name,big_delivery
Blight Fighters,Pestfäulekämpfer,order,,localization,resources.assets,2026-09-22,,Order_Tutorial_IV_Blightpost_Name,blight_fighters
Bling-Bling,Bling-Bling,order,,localization,resources.assets,2026-09-22,,Order_IIITOShiny_Name,bling_bling
Blue Metal,Blaues Metall,order,,localization,resources.assets,2026-09-22,,Order_IBlueMetal_Name,blue_metal
Booming Economy,Florierende Wirtschaft,order,,localization,resources.assets,2026-09-22,,Order_Generic_TraderValueSold_Name,booming_economy
Botanist,Botaniker,order,,localization,resources.assets,2026-09-22,,Order_Botanist_Name,botanist
Brawling,Schlägereien,order,,localization,resources.assets,2026-09-22,,Order_IVBloodthirst_Name,brawling
Brewing Ale,Bier brauen,order,,localization,resources.assets,2026-09-22,,Order_Tutorial_II_Brewery_Name,brewing_ale
Brotherhood,Bruderschaft,order,,localization,resources.assets,2026-09-22,,Order_IVBBrotherhood_Name,brotherhood
Builder's Tools,Bauarbeiterwerkzeuge,order,,localization,resources.assets,2026-09-22,,Order_IVBFuelAndValuables_Name,builders_tools
Building Blocks,Bausteine,order,,localization,resources.assets,2026-09-22,,Order_Tutorial_BuildingBlocks_Name,building_blocks
Building Materials,Baumaterialien,order,,localization,resources.assets,2026-09-22,,Order_IBBuildingMaterials_Name,building_materials
Building Rush,Bauboom,order,,localization,resources.assets,2026-09-22,,Order_IIITOBuildingPacks_Name,building_rush
Building the Citadel,Bau der Zitadelle,order,,localization,resources.assets,2026-09-22,,Order_IIIBuildingMaterials_Name,building_the_citadel
Businessman,Geschäftsmann,order,,localization,resources.assets,2026-09-22,,Order_IBusinessman_Name,businessman
Buying & Selling,Kaufen & Verkaufen,order,,localization,resources.assets,2026-09-22,,Order_Tutorial_III_Packs_Name,buying_selling
Call of the Ruins,Ruf der Ruinen,order,,localization,resources.assets,2026-09-22,,Order_ITORuinsandGlades_Name,call_of_the_ruins
Call to Arms,Ruf zu den Waffen,order,,localization,resources.assets,2026-09-22,,Order_ICallToArns_Name,call_to_arms
Camps,Lager,order,,localization,resources.assets,2026-09-22,,Order_IBCamps_Name,camps
Catching Rainwater,Regenwasser auffangen,order,,localization,resources.assets,2026-09-22,,Order_Tutorial_III_Rain_Name,catching_rainwater
Charity Fair,Wohltätigkeitsmarkt,order,,localization,resources.assets,2026-09-22,,Order_IIIAmberAndMarket_Name,charity_fair
Chest Chaser,Truhensammler,order,,localization,resources.assets,2026-09-22,,Order_IIITOChestChaser_Name,chest_chaser
Clearing Glades,Freie Lichtungen,order,,localization,resources.assets,2026-09-22,,Order_IEventBuilding_Name,clearing_glades
Clothing the People,Ankleidung der Bevölkerung,order,,localization,resources.assets,2026-09-22,,Order_IICoats_Name,clothing_the_people
Coal Fever,Kohlerausch,order,,localization,resources.assets,2026-09-22,,Order_IIITODiggingCoal_Name,coal_fever
Collecting Berries,Beeren sammeln,order,,localization,resources.assets,2026-09-22,,Order_Tutorial_III_Berries_Name,collecting_berries
Construction Work,Bauarbeiten,order,,localization,resources.assets,2026-09-22,,Order_IVBTOBuildingTools_Name,construction_work
Copper Fever,Kupferrausch,order,,localization,resources.assets,2026-09-22,,Order_IIITODiggingOre_Name,copper_fever
Copper Ingots,Kupferbarren,order,,localization,resources.assets,2026-09-22,,Order_ICopperIngots_Name,copper_ingots
Cups and Glasses,Tassen und Gläser,order,,localization,resources.assets,2026-09-22,,Order_IIIBreweryAndTawern_Name,cups_and_glasses
Cyst Cultivation,Zystenkultivierung,order,,localization,resources.assets,2026-09-22,,Order_ICystCultivation_Name,cyst_cultivation
Deeper into the Wilds,Tiefer in die Wildnis,order,,localization,resources.assets,2026-09-22,,Order_IVATabletsAndGlades_Name,deeper_into_the_wilds
Delivery,Lieferung,order,,localization,resources.assets,2026-09-22,,Order_IBProvisionsAndCrops_Name,delivery
Determined Bats,Entschlossene Fledermäuse,order,,localization,resources.assets,2026-09-22,,Order_ITOBatResolve_Name,determined_bats
Devil's Bargain,Teufelspakt,order,,localization,resources.assets,2026-09-22,,Order_IVDevilsBargain_Name,devils_bargain
Devilish Curiosity,Teuflische Neugier,order,,localization,resources.assets,2026-09-22,,Order_IIITOForbiddenGlade_Name,devilish_curiosity
Dirty Work,Drecksarbeit,order,,localization,resources.assets,2026-09-22,,Order_IIIKiln_Name,dirty_work
Distant Journey,Fernreise,order,,localization,resources.assets,2026-09-22,,Order_IATODiscoverGlades_Name,distant_journey
Disturbing the Ancients,Störung der Alten,order,,localization,resources.assets,2026-09-22,,Order_IIITOExploreandDeliver_Name,disturbing_the_ancients
Dwellings,Unterkünfte,order,,localization,resources.assets,2026-09-22,,Order_IHousesv3_Name,dwellings
Effects of Technology,Technologie-Effekte,order,,localization,resources.assets,2026-09-22,,Order_Tutorial_IV_WaterAndCysts_Name,effects_of_technology
Efficiency Test,Effizienztest,order,,localization,resources.assets,2026-09-22,,Order_IITOLumbermill_Name,efficiency_test
Egg Collection,Eierernte,order,,localization,resources.assets,2026-09-22,,Order_IEggCollection_Name,egg_collection
Expensive Delivery,Üppige Lieferung,order,,localization,resources.assets,2026-09-22,,Order_IVBThreePacks2_Name,expensive_delivery
Exploration,Erkundung,order,,localization,resources.assets,2026-09-22,,Order_IAGlades_Name,exploration
Exploring the Wilds,Erkundung der Wildnis,order,,localization,resources.assets,2026-09-22,,Order_Tutorial_IAGlades_Name,exploring_the_wilds
Export,Export,order,,localization,resources.assets,2026-09-22,,Order_FinishRouteT3_Name,export
Export Hub,Exportposten,order,,localization,resources.assets,2026-09-22,,Order_IVRouteValue_Name,export_hub
Fair Exchange,Fairer Austausch,order,,localization,resources.assets,2026-09-22,,Order_IIIRouteValue_Name,fair_exchange
Farm Life,Bauernhofleben,order,,localization,resources.assets,2026-09-22,,Order_FarmLife_Name,farm_life
Farming,Landwirtschaft,order,,localization,resources.assets,2026-09-22,,Order_Farm_Name,farming
Fearless,Furchtlos,order,,localization,resources.assets,2026-09-22,,Order_IVTOFearless_Name,fearless
Feast,Festmahl,order,,localization,resources.assets,2026-09-22,,Order_IIOfferingButcher_Name,feast
Fighting the Storm,Trotzt dem Sturm,order,,localization,resources.assets,2026-09-22,,Order_IIBlightPost_Name,fighting_the_storm
Fill the Engines,Fülle die Maschinen,order,,localization,resources.assets,2026-09-22,,Order_IFillTheEngines_Name,fill_the_engines
Finders Keepers,Finderlohn,order,,localization,resources.assets,2026-09-22,,Order_Tutorial_IV_Caches_Name,finders_keepers
Firestarter,Feuerteufel,order,,localization,resources.assets,2026-09-22,,Order_IICysts_Name,firestarter
First Yield,Erster Ertrag,order,,localization,resources.assets,2026-09-22,,Order_Tutorial_II_Grain_Name,first_yield
Focus on Farming,Landwirtschaft im Fokus,order,,localization,resources.assets,2026-09-22,,Order_IVATwoPacks1_Name,focus_on_farming
Folks Gotta Eat!,Die Leute müssen essen!,order,,localization,resources.assets,2026-09-22,,Order_Generic_NeedSatisfiedForTime1_Name,folks_gotta_eat
Food Provision,Lebensmittelversorgung,order,,localization,resources.assets,2026-09-22,,Order_IVBTOTwoPacks_Name,food_provision
Food Supplies,Nahrungsversorgung,order,,localization,resources.assets,2026-09-22,,Order_Tutorial_Forager_Name,food_supplies
Foolhardy Man,Törichter Narr,order,,localization,resources.assets,2026-09-22,,Order_IIITODangerousStuff_Name,foolhardy_man
Forager's Trial,Prüfung des Nahrungssammlers,order,,localization,resources.assets,2026-09-22,,Order_IITOGatheringVegs_Name,foragers_trial
Forbidden Fruit,Verbotene Frucht,order,,localization,resources.assets,2026-09-22,,Order_Tutorial_IV_Forbidden_Name,forbidden_fruit
Forest Fascination,Faszination Wald,order,,localization,resources.assets,2026-09-22,,Order_IIITOGladesandTools_Name,forest_fascination
Fox Influx,Fuchs-Zustrom,order,,localization,resources.assets,2026-09-22,,Order_IIFoxInflux_Name,fox_influx
Fox Majority,Fuchs-Mehrheit,order,,localization,resources.assets,2026-09-22,,Order_IVBFoxMajority_Name,fox_majority
Fox Population,Fuchsbevölkerung,order,,localization,resources.assets,2026-09-22,,Order_IIFoxPopulation_Name,fox_population
Fox Relatives,Fuchsverwandte,order,,localization,resources.assets,2026-09-22,,Order_FoxRelatives_Name,fox_relatives
Fox Villagers,Fuchs-Dorfbewohner,order,,localization,resources.assets,2026-09-22,,Order_IIIResolveFoxes_Name,fox_villagers
Frog Colony,Froschkolonie,order,,localization,resources.assets,2026-09-22,,Order_IITOHomesForFrogs_Name,frog_colony
Frog Influx,Frosch-Zustrom,order,,localization,resources.assets,2026-09-22,,Order_IIFrogInflux_Name,frog_influx
Frog Majority,Frosch-Mehrheit,order,,localization,resources.assets,2026-09-22,,Order_IVBFrogMajority_Name,frog_majority
Frog Population,Froschbevölkerung,order,,localization,resources.assets,2026-09-22,,Order_IIFrogPopulation_Name,frog_population
Frog Relatives,Froschverwandte,order,,localization,resources.assets,2026-09-22,,Order_IIIFrogRelatives_Name,frog_relatives
Frog Resolve,Frosch-Entschlossenheit,order,,localization,resources.assets,2026-09-22,,Order_IIIResolveFrogs_Name,frog_resolve
Fulfilling Needs,Bedürfnisse erfüllen,order,,localization,resources.assets,2026-09-22,,Order_Tutorial_III_GuildHouse_Name,fulfilling_needs
Funding an Outpost,Finanzierung eines Außenpostens,order,,localization,resources.assets,2026-09-22,,Order_IVABuildingAndCrops_Name,funding_an_outpost
Funding the Expedition,Finanzierung der Expedition,order,,localization,resources.assets,2026-09-22,,Order_IFundingTheExpedition_Name,funding_the_expedition
Garden Life,Gartenleben,order,,localization,resources.assets,2026-09-22,,Order_GardenLife_Name,garden_life
Gearing Up,Gut ausgerüstet,order,,localization,resources.assets,2026-09-22,,Order_C_Name,gearing_up
Get Rich,Reich werden,order,,localization,resources.assets,2026-09-22,,Order_Tutorial_III_Amber_Name,get_rich
Gifts for the Queen,Geschenke für die Königin,order,,localization,resources.assets,2026-09-22,,Order_IIISendToCitadel_Name,gifts_for_the_queen
Good Friends,Gute Freunde,order,,localization,resources.assets,2026-09-22,,Order_StandingT3_Name,good_friends
Goods for the Citadel,Waren für die Zitadelle,order,,localization,resources.assets,2026-09-22,,Order_IVATradeGoods_Name,goods_for_the_citadel
Great Expansion,Große Erweiterung,order,,localization,resources.assets,2026-09-22,,Order_IVATOBonfire_Name,great_expansion
Greedy Merchant,Gieriger Kaufmann,order,,localization,resources.assets,2026-09-22,,Order_IVTOSellingStuff_Name,greedy_merchant
Guild of Greed,Gilde der Gier,order,,localization,resources.assets,2026-09-22,,Order_AmberBones_Name,guild_of_greed
Happy Beavers,Glückliche Biber,order,,localization,resources.assets,2026-09-22,,Order_IIHappyBeavers_Name,happy_beavers
Happy Brewing,Frohes Brauen,order,,localization,resources.assets,2026-09-22,,Order_IIBrewery_Name,happy_brewing
Happy Foxes,Glückliche Füchse,order,,localization,resources.assets,2026-09-22,,Order_IIHappyFoxes_Name,happy_foxes
Happy Frogs,Glückliche Frösche,order,,localization,resources.assets,2026-09-22,,Order_IIHappyFrogs_Name,happy_frogs
Happy Harpies,Glückliche Harpyien,order,,localization,resources.assets,2026-09-22,,Order_IIHappyHarpies_Name,happy_harpies
Happy Humans,Glückliche Menschen,order,,localization,resources.assets,2026-09-22,,Order_IIHappyHumans_Name,happy_humans
Happy Lizards,Glückliche Echsen,order,,localization,resources.assets,2026-09-22,,Order_IIHappyLizards_Name,happy_lizards
Happy Meal,Voller Magen,order,,localization,resources.assets,2026-09-22,,Order_Tutorial_III_Food_Name,happy_meal
Harpy Colony,Harpyienkolonie,order,,localization,resources.assets,2026-09-22,,Order_IITOHomesforHarpies_Name,harpy_colony
Harpy Influx,Harpyien-Zustrom,order,,localization,resources.assets,2026-09-22,,Order_IIHarpyInflux_Name,harpy_influx
Harpy Majority,Harpyien-Mehrheit,order,,localization,resources.assets,2026-09-22,,Order_IVHarpyMajority_Name,harpy_majority
Harpy Population,Harpyienbevölkerung,order,,localization,resources.assets,2026-09-22,,Order_IIHarpyPopulation_Name,harpy_population
Harpy Relatives,Harpyienverwandte,order,,localization,resources.assets,2026-09-22,,Order_HarpyRelatives_Name,harpy_relatives
Harpy Villagers,Harpyien-Dorfbewohner,order,,localization,resources.assets,2026-09-22,,Order_IIIHarpyResolve_Name,harpy_villagers
Hasty Explorer,Eiliger Erkunder,order,,localization,resources.assets,2026-09-22,,Order_IIIGladesInTime_Name,hasty_explorer
Healing,Heilung,order,,localization,resources.assets,2026-09-22,,Order_IIIHarpyService_Name,healing
Healthy Breakfast,Gesundes Frühstück,order,,localization,resources.assets,2026-09-22,,Order_IHealthyBreakfast_Name,healthy_breakfast
Help From the Queen,Hilfe von der Königin,order,,localization,resources.assets,2026-09-22,,Order_IBHard_Name,help_from_the_queen
Herbalist,Kräutersammler,order,,localization,resources.assets,2026-09-22,,Order_IHerbalist_Name,herbalist
Herbalist's Trial,Prüfung des Kräutersammlers,order,,localization,resources.assets,2026-09-22,,Order_IITOGatheringBerries_Name,herbalists_trial
Herbs and Berries,Kräuter und Beeren,order,,localization,resources.assets,2026-09-22,,Order_IITOGatheringShrooms_Name,herbs_and_berries
High Consumption,Hoher Verbrauch,order,,localization,resources.assets,2026-09-22,,Order_IHighConsumption_Name,high_consumption
High Resolve,Hohe Entschlossenheit,order,,localization,resources.assets,2026-09-22,,Order_Tutorial_III_BeaversResolve_Name,high_resolve
High Society,Höhere Gesellschaft,order,,localization,resources.assets,2026-09-22,,Order_Resolve_Name,high_society
Home & Hearth,Heim & Feuerstelle,order,,localization,resources.assets,2026-09-22,,Order_Tutorial_II_LumberCamp_Name,home_hearth
Homes For Foxes,Häuser für Füchse,order,,localization,resources.assets,2026-09-22,,Order_IITOHomesforFoxes_Name,homes_for_foxes
Housing Estate,Wohngebiet,order,,localization,resources.assets,2026-09-22,,Order_IATOBuildShelters_Name,housing_estate
Human Colony,Menschenkolonie,order,,localization,resources.assets,2026-09-22,,Order_IITOHomesforHumans_Name,human_colony
Human Influx,Menschen-Zustrom,order,,localization,resources.assets,2026-09-22,,Order_IIHumanInflux_Name,human_influx
Human Majority,Menschen-Mehrheit,order,,localization,resources.assets,2026-09-22,,Order_IVBFuelAndTrade_Name,human_majority
Human Population,Menschliche Bevölkerung,order,,localization,resources.assets,2026-09-22,,Order_IIHumanPopulation_Name,human_population
Human Relatives,Menschenverwandte,order,,localization,resources.assets,2026-09-22,,Order_HumanRelatives_Name,human_relatives
Human Villagers,Menschliche Dorfbewohner,order,,localization,resources.assets,2026-09-22,,Order_IIIResolveHumans_Name,human_villagers
Hunters,Jäger,order,,localization,resources.assets,2026-09-22,,Order_IHunters_Name,hunters
Hurried Expedition,Eilige Expedition,order,,localization,resources.assets,2026-09-22,,Order_ITORelicResolve_Name,hurried_expedition
Hydraulics,Hydraulik,order,,localization,resources.assets,2026-09-22,,Order_IHydraulics_Name,hydraulics
Impetuous Explorer,Ungestümer Erkunder,order,,localization,resources.assets,2026-09-22,,Order_ITOSolveRelics_Name,impetuous_explorer
Important Delivery,Wichtige Lieferung,order,,localization,resources.assets,2026-09-22,,Order_IIFuelAndBuilding_Name,important_delivery
Income Tax,Einkommenssteuer,order,,localization,resources.assets,2026-09-22,,Order_FinishRouteAndAmber_Name,income_tax
Industry,Industrie,order,,localization,resources.assets,2026-09-22,,Order_IIIIndustry_Name,industry
Infrastructure,Infrastruktur,order,,localization,resources.assets,2026-09-22,,Order_IIPaths_Name,infrastructure
Infused Rainwater,Durchtränktes Regenwasser,order,,localization,resources.assets,2026-09-22,,Order_IVRainwater_Name,infused_rainwater
Into the Ruins,In die Ruinen,order,,localization,resources.assets,2026-09-22,,Order_IIITORuinsandPlanks_Name,into_the_ruins
Into the Unknown,Ins Unbekannte,order,,localization,resources.assets,2026-09-22,,Order_IIGladesInTime_Name,into_the_unknown
Into the Wilds,In die Wildnis,order,,localization,resources.assets,2026-09-22,,Order_IIGlades_Name,into_the_wilds
Joyful Beavers,Freudige Biber,order,,localization,resources.assets,2026-09-22,,Order_ITOBeaverResolve_Name,joyful_beavers
Joyful Foxes,Freudige Füchse,order,,localization,resources.assets,2026-09-22,,Order_ITOFoxResolve_Name,joyful_foxes
Joyful Frogs,Freudige Frösche,order,,localization,resources.assets,2026-09-22,,Order_ITOFrogResolve_Name,joyful_frogs
Joyful Harpies,Freudige Harpyien,order,,localization,resources.assets,2026-09-22,,Order_ITOHarpyResolve_Name,joyful_harpies
Joyful Humans,Freudige Menschen,order,,localization,resources.assets,2026-09-22,,Order_ITOHumanResolve_Name,joyful_humans
Joyful Lizards,Freudige Echsen,order,,localization,resources.assets,2026-09-22,,Order_ITOLizardResolve_Name,joyful_lizards
Judgment,Urteil,order,,localization,resources.assets,2026-09-22,,Order_IIJudgement_Name,judgment
Knowledge,Wissen,order,,localization,resources.assets,2026-09-22,,Order_IVBTablets_Name,knowledge
Large Parcel,Großes Paket,order,,localization,resources.assets,2026-09-22,,Order_IVATOPacking_Name,large_parcel
Leisure,Freizeit,order,,localization,resources.assets,2026-09-22,,Order_IVLeisure_Name,leisure
Let It Rain,Regentag,order,,localization,resources.assets,2026-09-22,,Order_IIITOEnginesAndWater_Name,let_it_rain
Liquid Luck,Flüssiges Glück,order,,localization,resources.assets,2026-09-22,,Order_IIIWineAndMarket_Name,liquid_luck
Lizard Colony,Echsenkolonie,order,,localization,resources.assets,2026-09-22,,Order_IITOHomesforLizards_Name,lizard_colony
Lizard Influx,Echsenzustrom,order,,localization,resources.assets,2026-09-22,,Order_IILizardInflux_Name,lizard_influx
Lizard Majority,Echsen-Mehrheit,order,,localization,resources.assets,2026-09-22,,Order_IVBLuxury_Name,lizard_majority
Lizard Population,Echsenbevölkerung,order,,localization,resources.assets,2026-09-22,,Order_IILizardPopulation_Name,lizard_population
Lizard Relatives,Echsen-Verwandte,order,,localization,resources.assets,2026-09-22,,Order_LizardRelatives_Name,lizard_relatives
Lizard Villagers,Echsen-Dorfbewohner,order,,localization,resources.assets,2026-09-22,,Order_IIIResolveLizards_Name,lizard_villagers
Lost Knowledge,Verlorenes Wissen,order,,localization,resources.assets,2026-09-22,,Order_IIIAncientTablets_Name,lost_knowledge
Lost Supplies,Verlorene Vorräte,order,,localization,resources.assets,2026-09-22,,Order_IIILostSupplies_Name,lost_supplies
Lost in the Woods,Im Wald verloren,order,,localization,resources.assets,2026-09-22,,Order_IIILost_Name,lost_in_the_woods
Lumps of Coal,Kohlestücke,order,,localization,resources.assets,2026-09-22,,Order_IIIUpgradeMineCoal_Name,lumps_of_coal
Luxuries for the Citadel,Luxuswaren für die Zitadelle,order,,localization,resources.assets,2026-09-22,,Order_IVALuxuryGoods_Name,luxuries_for_the_citadel
Luxurious Delivery,Luxuriöse Lieferung,order,,localization,resources.assets,2026-09-22,,Order_IIValuables_Name,luxurious_delivery
Luxury,Luxus,order,,localization,resources.assets,2026-09-22,,Order_IIIProvisionsAndValuables_Name,luxury
Luxury Goods,Luxuswaren,order,,localization,resources.assets,2026-09-22,,Order_IIIValuables_Name,luxury_goods
Magical Rainwater,Magisches Regenwasser,order,,localization,resources.assets,2026-09-22,,Order_IIITORainWater_Name,magical_rainwater
Magnate,Magnat,order,,localization,resources.assets,2026-09-22,,Order_AmberBlood_Name,magnate
Making Connections,Kontakte knüpfen,order,,localization,resources.assets,2026-09-22,,Order_StandingT2_Name,making_connections
Master of Exploration,Meister der Erkundung,order,,localization,resources.assets,2026-09-22,,Order_IVAGladesAndTrade_Name,master_of_exploration
Meat Diet,Fleischkost,order,,localization,resources.assets,2026-09-22,,Order_IIJerky_Name,meat_diet
Meat Lover,Fleischliebhaber,order,,localization,resources.assets,2026-09-22,,Order_IMeatLoving_Name,meat_lover
Meat Treats,Fleischige Leckereien,order,,localization,resources.assets,2026-09-22,,Order_Generic_NeedSatisfiedForTime_Name,meat_treats
Metal Veins,Metalladern,order,,localization,resources.assets,2026-09-22,,Order_IMetalVeins_Name,metal_veins
Metallurgy,Metallurgie,order,,localization,resources.assets,2026-09-22,,Order_Tutorial_IV_Metal_Name,metallurgy
Mining Basics,Bergbau-Grundlagen,order,,localization,resources.assets,2026-09-22,,Order_Tutorial_IV_Mine_Name,mining_basics
More Houses,Mehr Häuser,order,,localization,resources.assets,2026-09-22,,Order_IIHumanHouses_Name,more_houses
Natural Dye,Natürliches Färbemittel,order,,localization,resources.assets,2026-09-22,,Order_INaturalDye_Name,natural_dye
Need for Timber,Holzbedarf,order,,localization,resources.assets,2026-09-22,,Order_IITOCutTrees_Name,need_for_timber
New Clothes,Neue Kleidung,order,,localization,resources.assets,2026-09-22,,Order_IIICoats_Name,new_clothes
No Place Like Home,Zu Hause ist es am schönsten,order,,localization,resources.assets,2026-09-22,,Order_IHouses_Name,no_place_like_home
Ore Mining,Erzabbau,order,,localization,resources.assets,2026-09-22,,Order_IIIUpgradeMineCopper_Name,ore_mining
Out Fishing,Angelausflug,order,,localization,resources.assets,2026-09-22,,Order_IIFishingTrialFish_Name,out_fishing
Outerwear,Oberbekleidung,order,,localization,resources.assets,2026-09-22,,Order_ITONeedClothes_Name,outerwear
Outpost,Außenposten,order,,localization,resources.assets,2026-09-22,,Order_IIOutpost_Name,outpost
Outposts,Außenstationen,order,,localization,resources.assets,2026-09-22,,Order_Outpost_Name,outposts
Pastries,Backwaren,order,,localization,resources.assets,2026-09-22,,Order_IVAPastries_Name,pastries
Peddler,Krämer,order,,localization,resources.assets,2026-09-22,,Order_Peddler_Name,peddler
People in Need,Notleidende,order,,localization,resources.assets,2026-09-22,,Order_IPeopleInNeed_Name,people_in_need
People of the Forest,Waldbewohner,order,,localization,resources.assets,2026-09-22,,Order_IBHardFoxes_Name,people_of_the_forest
People's Resolve,Entschlossenheit des Volkes,order,,localization,resources.assets,2026-09-22,,Order_IResolve_Name,peoples_resolve
Pipe Manufacturing,Rohrherstellung,order,,localization,resources.assets,2026-09-22,,Order_Tutorial_IV_Pipes_Name,pipe_manufacturing
Playing With Fire,Spiel mit dem Feuer,order,,localization,resources.assets,2026-09-22,,Order_Generic_DangerousGladeDiscovery2_Name,playing_with_fire
Population Influx,Bevölkerungszustrom,order,,localization,resources.assets,2026-09-22,,Order_IIPopulationInflux_Name,population_influx
Pottery and Wine,Keramik und Wein,order,,localization,resources.assets,2026-09-22,,Order_Artisan_Name,pottery_and_wine
Power of the Clearance,Macht des Sommers,order,,localization,resources.assets,2026-09-22,,Order_IIIUseYellowWater_Name,power_of_the_clearance
Power of the Drizzle,Macht des Nieselregens,order,,localization,resources.assets,2026-09-22,,Order_IIIUseGreenWater_Name,power_of_the_drizzle
Power of the Storm,Macht des Sturms,order,,localization,resources.assets,2026-09-22,,Order_IIIUseBlueWater_Name,power_of_the_storm
Problem Solver,Probleme lösen,order,,localization,resources.assets,2026-09-22,,Order_Generic_RelicResolved_Name,problem_solver
Profit Margin,Gewinnspanne,order,,localization,resources.assets,2026-09-22,,Order_IIRouteValue_Name,profit_margin
Profitable Caution,Einbringliche Vorsicht,order,,localization,resources.assets,2026-09-22,,Order_SolveDangerousRelic_Name,profitable_caution
Profitable Trade,Profitabler Handel,order,,localization,resources.assets,2026-09-22,,Order_IIICostlyRoute_Name,profitable_trade
Provisions,Proviant,order,,localization,resources.assets,2026-09-22,,Order_Tutorial_II_Provisions_Name,provisions
Pyromancer,Pyromane,order,,localization,resources.assets,2026-09-22,,Order_IVACysts_Name,pyromancer
Pyromania,Pyromanie,order,,localization,resources.assets,2026-09-22,,Order_IIICysts_Name,pyromania
Quick Packaging,Schnelle Verpackung,order,,localization,resources.assets,2026-09-22,,Order_IBTOFirst Packs_Name,quick_packaging
Quick Transaction,Schnelle Transaktion,order,,localization,resources.assets,2026-09-22,,Order_ITOSoldAmber_Name,quick_transaction
Rain Engines,Regenmaschinen,order,,localization,resources.assets,2026-09-22,,Order_IIEngines_Name,rain_engines
Rain Protection,Regenschutz,order,,localization,resources.assets,2026-09-22,,Order_IClothing_Name,rain_protection
Rainproof Coats,Regenmäntel,order,,localization,resources.assets,2026-09-22,,Order_IVBLibrary_Name,rainproof_coats
Rainpunk Engineer,Regenpunk-Ingenieur,order,,localization,resources.assets,2026-09-22,,Order_IIUseWater_Name,rainpunk_engineer
Rainpunk Enthusiast,Regenpunk-Enthusiast,order,,localization,resources.assets,2026-09-22,,Order_IVUseWater_Name,rainpunk_enthusiast
Rainpunk Technology,Regenpunk-Technologie,order,,localization,resources.assets,2026-09-22,,Order_Tutorial_IV_Engines_Name,rainpunk_technology
Raising the Stakes,Höherer Einsatz,order,,localization,resources.assets,2026-09-22,,Order_IMultiplyRoutes_Name,raising_the_stakes
Ranch Life,Ranchleben,order,,localization,resources.assets,2026-09-22,,Order_RanchLife_Name,ranch_life
Rations for the Citadel,Rationen für die Zitadelle,order,,localization,resources.assets,2026-09-22,,Order_IIIProvisionsAndCrops_Name,rations_for_the_citadel
Ravenous Axes,Hungrige Äxte,order,,localization,resources.assets,2026-09-22,,Order_IVATOWoodandPacks_Name,ravenous_axes
Reckless Viceroy,Fahrlässiger Statthalter,order,,localization,resources.assets,2026-09-22,,Order_IVTOVeryDangerous_Name,reckless_viceroy
Reconnaissance,Aufklärung,order,,localization,resources.assets,2026-09-22,,Order_IRuins_Name,reconnaissance
Relics,Relikte,order,,localization,resources.assets,2026-09-22,,Order_IBTablet_Name,relics
Religion,Religion,order,,localization,resources.assets,2026-09-22,,Order_IIILuxuryAndTavern_Name,religion
Religious Rites,Religiöse Riten,order,,localization,resources.assets,2026-09-22,,Order_IIIHumanService_Name,religious_rites
Restoration,Wiederherstellung,order,,localization,resources.assets,2026-09-22,,Order_IIConvert_Name,restoration
Rich Harvest,Erntesegen,order,,localization,resources.assets,2026-09-22,,Order_IBCrops_Name,rich_harvest
Risky Expedition,Riskante Expedition,order,,localization,resources.assets,2026-09-22,,Order_Generic_DangerousGladeDiscovery1_Name,risky_expedition
Rotten to the Core,Bis zum Kern verdorben,order,,localization,resources.assets,2026-09-22,,Order_CorruptedBones_Name,rotten_to_the_core
Royal Gardens,Königliche Gärten,order,,localization,resources.assets,2026-09-22,,Order_IIIRoyalGardens_Name,royal_gardens
Ruins,Ruinen,order,,localization,resources.assets,2026-09-22,,Order_IIIRuins_Name,ruins
Sacrificial Ceremony,Opferzeremonie,order,,localization,resources.assets,2026-09-22,,Order_IITOSacrificies_Name,sacrificial_ceremony
Safe Place,Sicherer Hafen,order,,localization,resources.assets,2026-09-22,,Order_IHousesv2_Name,safe_place
Salt Fever,Salzfieber,order,,localization,resources.assets,2026-09-22,,Order_IIITODiggingSalt_Name,salt_fever
Salt Miner,Salzkumpel,order,,localization,resources.assets,2026-09-22,,Order_ISalt_Name,salt_miner
Salty Delivery,Salzige Lieferung,order,,localization,resources.assets,2026-09-22,,Order_IIISalt_Name,salty_delivery
Scaling Up,Grätest Hits,order,,localization,resources.assets,2026-09-22,,Order_IIFishingTrialScales_Name,scaling_up
Scavenger's Trial,Prüfung des Sammlers,order,,localization,resources.assets,2026-09-22,,Order_IITOGatheringEggs_Name,scavengers_trial
Seller,Verkäufer,order,,localization,resources.assets,2026-09-22,,Order_FinishRouteT2_Name,seller
Serving Ale,Bierausschank,order,,localization,resources.assets,2026-09-22,,Order_IIIBrewingAle_Name,serving_ale
Serving the People,Dienst an der Bevölkerung,order,,localization,resources.assets,2026-09-22,,Order_IVALuxuryAndValuables_Name,serving_the_people
Shelters,Unterkünfte,order,,localization,resources.assets,2026-09-22,,Order_IAShelters_Name,shelters
Speedy Real Estate,Schneller Einzug,order,,localization,resources.assets,2026-09-22,,Order_ITOFirstHub_Name,speedy_real_estate
Stacking Amber,Bernsteinstapel,order,,localization,resources.assets,2026-09-22,,Order_IIMultiplyRoutes_Name,stacking_amber
Start Your Engines,Starte die Maschinen,order,,localization,resources.assets,2026-09-22,,Order_IStartEngines_Name,start_your_engines
Stay in Shape,In Form bleiben,order,,localization,resources.assets,2026-09-22,,Order_Tutorial_IV_ClanHall_Name,stay_in_shape
Stone Roads,Steinstraßen,order,,localization,resources.assets,2026-09-22,,Order_IVAStoneRoads_Name,stone_roads
Stonecutter's Trial,Prüfung des Steinmetzes,order,,localization,resources.assets,2026-09-22,,Order_IITOGatheringStone_Name,stonecutters_trial
Storekeeper,Ladenbesitzer,order,,localization,resources.assets,2026-09-22,,Order_IVATOThreePacks_Name,storekeeper
Supply Thy Neighbor,Nachbarschaftshilfe,order,,localization,resources.assets,2026-09-22,,Order_ITOTradeROutesWithValue_Name,supply_thy_neighbor
Surviving Requires Sacrifice,Überleben erfordert Opfer,order,,localization,resources.assets,2026-09-22,,Order_Tutorial_III_Sacrifice_Name,surviving_requires_sacrifice
Technological Progress,Technologischer Fortschritt,order,,localization,resources.assets,2026-09-22,,Order_IVBTOEnginesAmount_Name,technological_progress
The Clan,Der Clan,order,,localization,resources.assets,2026-09-22,,Order_ILizardResolve_Name,the_clan
The Collegium,Das Kollegium,order,,localization,resources.assets,2026-09-22,,Order_IFrogResolve_Name,the_collegium
The Cult of Fire,Der Kult des Feuers,order,,localization,resources.assets,2026-09-22,,Order_Generic_NeedSatisfiedForTime4_Name,the_cult_of_fire
The Flock,Der Schwarm,order,,localization,resources.assets,2026-09-22,,Order_IHarpyResolve_Name,the_flock
The Forum,Das Forum,order,,localization,resources.assets,2026-09-22,,Order_IIIForum_Name,the_forum
The Grove,Der Hain,order,,localization,resources.assets,2026-09-22,,Order_IBHardBeavers_Name,the_grove
The Guild,Die Gilde,order,,localization,resources.assets,2026-09-22,,Order_IBeaverResolve_Name,the_guild
The Marketplace,Der Marktplatz,order,,localization,resources.assets,2026-09-22,,Order_IIIMarket_Name,the_marketplace
The Nest,Das Nest,order,,localization,resources.assets,2026-09-22,,Order_IBHardHarpies_Name,the_nest
The Pack,Das Rudel,order,,localization,resources.assets,2026-09-22,,Order_IFoxResolve_Name,the_pack
The Purge,Die Läuterung,order,,localization,resources.assets,2026-09-22,,Order_IThePurge_Name,the_purge
The Source,Die Quelle,order,,localization,resources.assets,2026-09-22,,Order_IIITOWaterUsed_Name,the_source
Thirsty Trader,Durstiger Händler,order,,localization,resources.assets,2026-09-22,,Order_IIITOTraderandRain_Name,thirsty_trader
Three Packs,Drei Pakete,order,,localization,resources.assets,2026-09-22,,Order_IBWorkstation_Name,three_packs
Tick Tock,Ticktack,order,,localization,resources.assets,2026-09-22,,Order_Generic_DangerousRelicResolved_Name,tick_tock
Time of Courage,Zeit des Muts,order,,localization,resources.assets,2026-09-22,,Order_IVATOGladesTabletsRelics_Name,time_of_courage
Tooled Up,Startwerkzeug,order,,localization,resources.assets,2026-09-22,,Order_ITODeliverMaterials_Name,tooled_up
Trade Baron,Handelsbaron,order,,localization,resources.assets,2026-09-22,,Order_FinishRouteT4_Name,trade_baron
Trade Connections,Handelsverbindungen,order,,localization,resources.assets,2026-09-22,,Order_IITradeConnections_Name,trade_connections
Trade and Industry,Handel und Industrie,order,,localization,resources.assets,2026-09-22,,Order_IIITradeAndSpark_Name,trade_and_industry
Trade and Luxury,Handel und Luxus,order,,localization,resources.assets,2026-09-22,,Order_IVTradeAndLuxury_Name,trade_and_luxury
Traders & Currency,Händler & Währung,order,,localization,resources.assets,2026-09-22,,Order_Tutorial_III_TradingPost_Name,traders_currency
Trading Goods,Handel mit Waren,order,,localization,resources.assets,2026-09-22,,Order_IIITradeGoods_Name,trading_goods
Trading Master,Handelsmeister,order,,localization,resources.assets,2026-09-22,,Order_IVTOTradingMaster_Name,trading_master
Trailblazing,Bahnbrechend,order,,localization,resources.assets,2026-09-22,,Order_IIIGlades_Name,trailblazing
Training,Training,order,,localization,resources.assets,2026-09-22,,Order_IIIBatService_Name,training
Trapper's Trial,Prüfung des Trappers,order,,localization,resources.assets,2026-09-22,,Order_IITOGatheringMeat_Name,trappers_trial
Trappers,Trapper,order,,localization,resources.assets,2026-09-22,,Order_IBHardLizards_Name,trappers
Travel Rations,Reiserationen,order,,localization,resources.assets,2026-09-22,,Order_IVBTwoPacks2_Name,travel_rations
Treasure Hunt,Schatzsuche,order,,localization,resources.assets,2026-09-22,,Order_IIISolveChests_Name,treasure_hunt
Ultimate Challenge,Ultimative Herausforderung,order,,localization,resources.assets,2026-09-22,,Order_IVTOForbiddenGlade_Name,ultimate_challenge
Upgraded Living,Verbessertes Wohnen,order,,localization,resources.assets,2026-09-22,,Order_IIIFrogUpgrades_Name,upgraded_living
Urgent Shipment,Eilige Lieferung,order,,localization,resources.assets,2026-09-22,,Order_IVBTOThreePacks_Name,urgent_shipment
Utopia,Utopie,order,,localization,resources.assets,2026-09-22,,Order_IVBValuables_Name,utopia
Varied Delivery,Vielseitige Lieferung,order,,localization,resources.assets,2026-09-22,,Order_IIILuxuryGoods_Name,varied_delivery
Venturesome Leader,Kühner Anführer,order,,localization,resources.assets,2026-09-22,,Order_IITOGladesDiscovery_Name,venturesome_leader
Water Delivery,Wasserlieferung,order,,localization,resources.assets,2026-09-22,,Order_IIRainwater_Name,water_delivery
Water Extraction,Wasser-Extraktion,order,,localization,resources.assets,2026-09-22,,Order_IWaterExtraction_Name,water_extraction
Water Industry,Wasserindustrie,order,,localization,resources.assets,2026-09-22,,Order_PumpUpgrade_Name,water_industry
Wealthy Trader,Reicher Händler,order,,localization,resources.assets,2026-09-22,,Order_IIITORichTrader_Name,wealthy_trader
Winemaking,Weinproduktion,order,,localization,resources.assets,2026-09-22,,Order_Tutorial_III_Wine_Name,winemaking
Wood Delivery,Holzlieferung,order,,localization,resources.assets,2026-09-22,,Order_IBWood_Name,wood_delivery
Wood and Provisions,Holz und Proviant,order,,localization,resources.assets,2026-09-22,,Order_IVAWood_Name,wood_and_provisions
Woodcutters,Holzfäller,order,,localization,resources.assets,2026-09-22,,Order_IALumberCamp_Name,woodcutters
Woodcutters' Camps,Holzfällerlager,order,,localization,resources.assets,2026-09-22,,Order_Tutorial_IALumberCamp_Name,woodcutters_camps
Work Break,Arbeitspause,order,,localization,resources.assets,2026-09-22,,Order_IITOCutNOTrees_Name,work_break
Workshop,Werkstatt,order,,localization,resources.assets,2026-09-22,,Order_Workshop_Name,workshop
Zealous Scouts,Fanatische Späher,order,,localization,resources.assets,2026-09-22,,Order_ITODangerous Relics_Name,zealous_scouts
Alchemical Forge,Alchemieofen,perk,,localization,resources.assets,2026-09-22,,BuildingPerk_BlightPost_PurgingFireProdSpeed_Name,alchemical_forge
Automaton,Automat,perk,,localization,resources.assets,2026-09-22,,BuildingPerk_Automaton_Name,automaton
Ballmer Peak,Ballmerspitze,perk,,localization,resources.assets,2026-09-22,,VillagerPerk_LeisureWorker_Name,ballmer_peak
Better Packaging,Bessere Verpackung,perk,,localization,resources.assets,2026-09-22,,Perk_TradePackRecipe_Name,better_packaging
Blight Automaton,Fäule-Automat,perk,,localization,resources.assets,2026-09-22,,BuildingPerk_BlightPost_Automaton_Name,blight_automaton
Bone Tools,Knochenwerkzeug,perk,,localization,resources.assets,2026-09-22,,Perk_ToolsForDeath_Name,bone_tools
Catalyst,Katalysator,perk,,localization,resources.assets,2026-09-22,,BuildingPerk_ReplaceRainpunkEffects_Name,catalyst
Clear-cutting,Kahlschlag,perk,,localization,resources.assets,2026-09-22,,BuildingPerk_Woodcutter_ExtraProd_Name,clear_cutting
Crowded Caravan,Größere Karawane,perk,,localization,resources.assets,2026-09-22,,Perk_MoreNewcommers_Name,crowded_caravan
Danger,Gefahr,perk,,localization,resources.assets,2026-09-22,,Perk_VillagerDeathChance_Danger_Name,danger
Dark Secret,Dunkles Geheimnis,perk,,localization,resources.assets,2026-09-22,,Perk_NoImpatienceForDeath_Daily_Name,dark_secret
Distracted,Abgelenkt,perk,,localization,resources.assets,2026-09-22,,Perk_NoProductionChance_Distracted_Name,distracted
Energized,Voller Energie,perk,,localization,resources.assets,2026-09-22,,Perk_VillagerDeathChance_Energized_Name,energized
Exhausted,Erschöpft,perk,,localization,resources.assets,2026-09-22,,Perk_VillagerSpeed_Exhausted_Name,exhausted
Extra Room,Mehr Platz,perk,,localization,resources.assets,2026-09-22,,BuildingPerk_HousesBonusCapacity_Name,extra_room
Fading,Ermattend,perk,,localization,resources.assets,2026-09-22,,Perk_VillagerDeathChance_Fading_Name,fading
Focused,Konzentriert,perk,,localization,resources.assets,2026-09-22,,Perk_VillagerExtraProduction_Focused_Name,focused
Full Belly,Voller Bauch,perk,,localization,resources.assets,2026-09-22,,VillagerPerk_ComplexFoodBonus_Name,full_belly
Gluttonous,Völlerei,perk,,localization,resources.assets,2026-09-22,,Perk_VillagerExtraConsumption_Gluttonous_Name,gluttonous
Hidden from the Queen,Vor der Königin verborgen,perk,,localization,resources.assets,2026-09-22,,Perk_NoImpatienceForDeath_Name,hidden_from_the_queen
High Motivation,Hochmotiviert,perk,,localization,resources.assets,2026-09-22,,VillagerPerk_ServiceGoodsBonus_Name,high_motivation
Indoor Pool,Schwimmbecken,perk,,localization,resources.assets,2026-09-22,,VillagerPerk_FrogHousesBonusResolve_Name,indoor_pool
Logging Boots,Arbeitsstiefel,perk,,localization,resources.assets,2026-09-22,,BuildingPerk_Woodcutter_Speed_Name,logging_boots
Long-range Scanner,Scanner mit hoher Reichweite,perk,,localization,resources.assets,2026-09-22,,BuildingPerk_HighlightArcheology3_Name,long_range_scanner
Lost in the Wilds,In der Wildnis verloren,perk,,localization,resources.assets,2026-09-22,,Perk_NewcomersForGlades_Name,lost_in_the_wilds
Lumber Cart,Holzkarren,perk,,localization,resources.assets,2026-09-22,,BuildingPerk_Woodcutter_StorageAutomaton_Name,lumber_cart
Lumber Tax,Holzsteuer,perk,,localization,resources.assets,2026-09-22,,Perk_AmberForWood_Name,lumber_tax
Manned Lookout,Bemannter Ausguck,perk,,localization,resources.assets,2026-09-22,,BuildingPerk_BlightPost_CystGenerationRate_Name,manned_lookout
Mid-range Scanner,Scanner mit mittlerer Reichweite,perk,,localization,resources.assets,2026-09-22,,BuildingPerk_HighlightArcheology2_Name,mid_range_scanner
Mobile Sparkcasters,Mobile Funkenwerfer,perk,,localization,resources.assets,2026-09-22,,BuildingPerk_BlightPost_BlightFighterSpeed_Name,mobile_sparkcasters
Motivated,Motiviert,perk,,localization,resources.assets,2026-09-22,,Perk_VillagerSpeed_Motivated_Name,motivated
Overtime,Überstunden,perk,,localization,resources.assets,2026-09-22,,Perk_ProductionButDeathChance_Name,overtime
Pack Frame,Packrahmen,perk,,localization,resources.assets,2026-09-22,,BuildingPerk_Woodcutter_Capacity_Name,pack_frame
Pocket Knives,Taschenmesser,perk,,localization,resources.assets,2026-09-22,,Perk_FiberForVegetables_Name,pocket_knives
Rich Glades,Reiche Lichtungen,perk,,localization,resources.assets,2026-09-22,,Perk_MoreChargesForNodes_Name,rich_glades
Rich Wilderness,Reiche Wildnis,perk,,localization,resources.assets,2026-09-22,,Perk_MoreChargesForNodes_Daily_Name,rich_wilderness
Sacrificial Rituals,Opferrituale,perk,,localization,resources.assets,2026-09-22,,Perk_SacrificialRituals_Name,sacrificial_rituals
Secret Firekeeper Techniques,Geheimtechniken der Feuerwärter,perk,,localization,resources.assets,2026-09-22,,Perk_FuelConsumption25Slower_Name,secret_firekeeper_techniques
Short-range Scanner,Scanner mit kurzer Reichweite,perk,,localization,resources.assets,2026-09-22,,BuildingPerk_HighlightArcheology1_Name,short_range_scanner
Soft Beds,Weiche Betten,perk,,localization,resources.assets,2026-09-22,,VillagerPerk_HousesVillagersSpeedBonus_Name,soft_beds
Stagnant,Stagnierend,perk,,localization,resources.assets,2026-09-22,,Perk_VillagerBreakTime_Stagnant_Name,stagnant
Stove,Ofen,perk,,localization,resources.assets,2026-09-22,,VillagerPerk_HousesBonusResolve_Name,stove
Tank Capacity Increase,Erhöhte Tankkapazität,perk,,localization,resources.assets,2026-09-22,,BuildingPerk_ExtractorTank_Name,tank_capacity_increase
Triple Ignition System,Dreifachzünder,perk,,localization,resources.assets,2026-09-22,,BuildingPerk_BlightPost_CystBurnSpeed_Name,triple_ignition_system
Alchemist,Alchemist,profession,,localization,resources.assets,2026-09-22,,Profession_Alchemist_Name,alchemist
Apothecary,Apotheker,profession,,localization,resources.assets,2026-09-22,,Profession_Apothecary_Name,apothecary
Artisan,Handwerker,profession,,localization,resources.assets,2026-09-22,,Profession_Artisan_Name,artisan
Baker,Bäcker,profession,,localization,resources.assets,2026-09-22,,Profession_Baker_Name,baker
Bath House Worker,Badehaus-Arbeiter,profession,,localization,resources.assets,2026-09-22,,Profession_BathHouseWorker_Name,bath_house_worker
Beanery Worker,Imbiss-Arbeiter,profession,,localization,resources.assets,2026-09-22,,Profession_BeaneryWorker_Name,beanery_worker
Blight Fighter,Pestfäulekämpfer,profession,,localization,resources.assets,2026-09-22,,Profession_BlightFighter_Name,blight_fighter
Brewer,Brauer,profession,,localization,resources.assets,2026-09-22,,Profession_BreweryWorker_Name,brewer
Brick Oven Worker,Ziegelofen-Arbeiter,profession,,localization,resources.assets,2026-09-22,,Profession_OvenWorker_Name,brick_oven_worker
Brickyard Worker,Ziegelei-Arbeiter,profession,,localization,resources.assets,2026-09-22,,Profession_BrickyardWorker_Name,brickyard_worker
Builder,Bauarbeiter,profession,,localization,resources.assets,2026-09-22,,Profession_Builder_Name,builder
Cannery Worker,Konservenfabrik-Arbeiter,profession,,localization,resources.assets,2026-09-22,,Profession_CanneryWorker_Name,cannery_worker
Carpenter,Tischler,profession,,localization,resources.assets,2026-09-22,,Profession_Carpenter_Name,carpenter
Cellar Worker,Weinkellerarbeiter,profession,,localization,resources.assets,2026-09-22,,Profession_Cellarworker_Name,cellar_worker
Clan Steward,Clan-Aufseher,profession,,localization,resources.assets,2026-09-22,,Profession_ClanMember_Name,clan_steward
Clay Pit Digger,Lehmgrubengräber,profession,,localization,resources.assets,2026-09-22,,Profession_ClaypitDigger_Name,clay_pit_digger
Clothier,Tuchmacher,profession,,localization,resources.assets,2026-09-22,,Profession_Sewer_Name,clothier
Cobbler,Schuster,profession,,localization,resources.assets,2026-09-22,,Profession_Cobbler_Name,cobbler
Cook,Koch,profession,,localization,resources.assets,2026-09-22,,Profession_Cook_Name,cook
Cooper,Böttcher,profession,,localization,resources.assets,2026-09-22,,Profession_Cooper_Name,cooper
Craftsman,Handwerker,profession,,localization,resources.assets,2026-09-22,,Profession_Craftsman_Name,craftsman
Distillery Worker,Brennerei-Arbeiter,profession,,localization,resources.assets,2026-09-22,,Profession_DistilleryWorker_Name,distillery_worker
Dockworker,Dockarbeiter,profession,,localization,resources.assets,2026-09-22,,Profession_Stevedore_Name,dockworker
Druid,Druide,profession,,localization,resources.assets,2026-09-22,,Profession_Druid_Name,druid
Engineer,Ingenieur,profession,,localization,resources.assets,2026-09-22,,Profession_Engineer_Name,engineer
Explorer,Erkunder,profession,,localization,resources.assets,2026-09-22,,Profession_Explorer_Name,explorer
Factory Worker,Fabrikarbeiter,profession,,localization,resources.assets,2026-09-22,,Profession_FactoryWorker_Name,factory_worker
Farmer,Bauer,profession,,localization,resources.assets,2026-09-22,,Profession_Farmer_Name,farmer
Finesmith,Kunstschmied,profession,,localization,resources.assets,2026-09-22,,Profession_Finesmith_Name,finesmith
Firekeeper,Feuerwärter,profession,,localization,resources.assets,2026-09-22,,Profession_FireKeeper_Name,firekeeper
Fisherman,Fischer,profession,,localization,resources.assets,2026-09-22,,Profession_Fisherman_Name,fisherman
Forager,Nahrungssammler,profession,,localization,resources.assets,2026-09-22,,Profession_Forager_Name,forager
Furnace Worker,Ofenarbeiter,profession,,localization,resources.assets,2026-09-22,,Profession_Furnace_Name,furnace_worker
Granary Worker,Getreidespeicherarbeiter,profession,,localization,resources.assets,2026-09-22,,Profession_GranaryWorker_Name,granary_worker
Greenhouse Worker,Gewächshausarbeiter,profession,,localization,resources.assets,2026-09-22,,Profession_GreenhouseWorker_Name,greenhouse_worker
Grill Worker,Grill-Arbeiter,profession,,localization,resources.assets,2026-09-22,,Profession_GrillWorker_Name,grill_worker
Guild Member,Gildenmitglied,profession,,localization,resources.assets,2026-09-22,,Profession_Guildmember_Name,guild_member
Harvester,Erntehelfer,profession,,localization,resources.assets,2026-09-22,,Profession_Harvester_Name,harvester
Hauler,Frachtführer,profession,,localization,resources.assets,2026-09-22,,Profession_Hauler_Name,hauler
Herbalist,Kräutersammler,profession,,localization,resources.assets,2026-09-22,,Profession_Herbalist_Name,herbalist
Kiln Worker,Brennofenarbeiter,profession,,localization,resources.assets,2026-09-22,,Profession_Kilnworker_Name,kiln_worker
Leatherworker,Lederarbeiter,profession,,localization,resources.assets,2026-09-22,,Profession_Leatherworker_Name,leatherworker
Librarian,Bibliothekar,profession,,localization,resources.assets,2026-09-22,,Profession_Librarian_Name,librarian
Lumber Mill Worker,Sägewerkarbeiter,profession,,localization,resources.assets,2026-09-22,,Profession_Lumbermillworker_Name,lumber_mill_worker
Manufactory Worker,Manufaktur-Arbeiter,profession,,localization,resources.assets,2026-09-22,,Profession_Manufacturer_Name,manufactory_worker
Miller,Müller,profession,,localization,resources.assets,2026-09-22,,Profession_Millworker_Name,miller
Miner,Bergarbeiter,profession,,localization,resources.assets,2026-09-22,,Profession_Miner_Name,miner
Monk,Mönch,profession,,localization,resources.assets,2026-09-22,,Profession_Monk_Name,monk
Pantry Worker,Vorratskammerarbeiter,profession,,localization,resources.assets,2026-09-22,,Profession_Pantry_Name,pantry_worker
Press Worker,Presse-Arbeiter,profession,,localization,resources.assets,2026-09-22,,Profession_PressWorker_Name,press_worker
Priest,Priester,profession,,localization,resources.assets,2026-09-22,,Profession_Priest_Name,priest
Provisioner,Gemischtwarenhändler,profession,,localization,resources.assets,2026-09-22,,Profession_Provisioner_Name,provisioner
Pump Operator,Pumpenarbeiter,profession,,localization,resources.assets,2026-09-22,,Profession_Geologist_Name,pump_operator
Rain Collector Worker,Regenkollektor-Arbeiter,profession,,localization,resources.assets,2026-09-22,,Profession_RainCollectorWorker_Name,rain_collector_worker
Rancher,Viehzüchter,profession,,localization,resources.assets,2026-09-22,,Profession_Rancher_Name,rancher
Scavenger,Sammler,profession,,localization,resources.assets,2026-09-22,,Profession_Scavenger_Name,scavenger
Scholar,Gelehrter,profession,,localization,resources.assets,2026-09-22,,Profession_Scholar_Name,scholar
Scout,Späher,profession,,localization,resources.assets,2026-09-22,,Profession_Scout_Name,scout
Scribe,Schreiber,profession,,localization,resources.assets,2026-09-22,,Profession_Scribe_Name,scribe
Seller,Verkäufer,profession,,localization,resources.assets,2026-09-22,,Profession_Seller_Name,seller
Smelter,Schmelzer,profession,,localization,resources.assets,2026-09-22,,Profession_Smelter_Name,smelter
Smith,Schmied,profession,,localization,resources.assets,2026-09-22,,Profession_Smith_Name,smith
Smokehouse Worker,Räucherei-Arbeiter,profession,,localization,resources.assets,2026-09-22,,Profession_Smokehouseworker_Name,smokehouse_worker
Speaker,Sprecher,profession,,localization,resources.assets,2026-09-22,,Profession_Speaker_Name,speaker
Stamping Mill Worker,Pochwerk-Arbeiter,profession,,localization,resources.assets,2026-09-22,,Profession_StampingMillWorker_Name,stamping_mill_worker
Stonecutter,Steinmetz,profession,,localization,resources.assets,2026-09-22,,Profession_Stonecutter_Name,stonecutter
Supplier,Ausrüster,profession,,localization,resources.assets,2026-09-22,,Profession_Outfitter_Name,supplier
Teadoctor,Teedoktor,profession,,localization,resources.assets,2026-09-22,,Profession_Teadoctor_Name,teadoctor
Teahouse Worker,Teehaus-Arbeiter,profession,,localization,resources.assets,2026-09-22,,Profession_TeaHouseWorker_Name,teahouse_worker
Tinctury Worker,Destillerie-Arbeiter,profession,,localization,resources.assets,2026-09-22,,Profession_TincturyWorker_Name,tinctury_worker
Tinkerer,Tüftler,profession,,localization,resources.assets,2026-09-22,,Profession_Tinkerer_Name,tinkerer
Toolshop Worker,Werkzeugladen-Arbeiter,profession,,localization,resources.assets,2026-09-22,,Profession_ToolshopWorker_Name,toolshop_worker
Trapper,Trapper,profession,,localization,resources.assets,2026-09-22,,Profession_Trapper_Name,trapper
Waiter,Kellner,profession,,localization,resources.assets,2026-09-22,,Profession_Waiter_Name,waiter
Weaver,Weber,profession,,localization,resources.assets,2026-09-22,,Profession_Weaver_Name,weaver
Woodcutter,Holzfäller,profession,,localization,resources.assets,2026-09-22,,Profession_Woodcutter_Name,woodcutter
Ale,Bier,resource,,localization,resources.assets,2026-09-22,,Good_Ale_Name,ale
Algae,Algen,resource,,localization,resources.assets,2026-09-22,,Good_Algae_Name,algae
Amber,Bernstein,resource,,localization,resources.assets,2026-09-22,,Good_Amber_Name,amber
Ancient Tablet,Uralte Tafel,resource,,localization,resources.assets,2026-09-22,,Good_AncientTablet_Name,ancient_tablet
Artifacts,Artefakte,resource,,localization,resources.assets,2026-09-22,,Good_Artifacts_Name,artifacts
Barrels,Fässer,resource,,localization,resources.assets,2026-09-22,,Good_Barrels_Name,barrels
Berries,Beeren,resource,,localization,resources.assets,2026-09-22,,Good_Berries_Name,berries
Biscuits,Kekse,resource,,localization,resources.assets,2026-09-22,,Good_Biscuits_Name,biscuits
Boots,Stiefel,resource,,localization,resources.assets,2026-09-22,,Good_Boots_Name,boots
Bread,Brot,resource,,localization,resources.assets,2026-09-22,,Good_Bread_Name,bread
Bricks,Ziegel,resource,,localization,resources.assets,2026-09-22,,Good_Bricks_Name,bricks
Clay,Lehm,resource,,localization,resources.assets,2026-09-22,,Good_Clay_Name,clay
Coal,Kohle,resource,,localization,resources.assets,2026-09-22,,Good_Coal_Name,coal
Coats,Mäntel,resource,,localization,resources.assets,2026-09-22,,Good_ReedCoats_Name,coats
Copper Bars,Kupferbarren,resource,,localization,resources.assets,2026-09-22,,Good_CopperBar_Name,copper_bars
Copper Ore,Kupfererz,resource,,localization,resources.assets,2026-09-22,,Good_CopperOre_Name,copper_ore
Cosmetics,Kosmetika,resource,,localization,resources.assets,2026-09-22,,Good_Balm_Name,cosmetics
Crystalized Dew,Kristallisierter Tau,resource,,localization,resources.assets,2026-09-22,,Good_CrystalizedDew_Name,crystalized_dew
Dye,Färbemittel,resource,,localization,resources.assets,2026-09-22,,Good_Ink_Name,dye
Eggs,Eier,resource,,localization,resources.assets,2026-09-22,,Good_Eggs_Name,eggs
Enriched Fuel,Angereicherter Brennstoff,resource,,localization,resources.assets,2026-09-22,,Good_FuelCore_Name,enriched_fuel
Fabric,Stoff,resource,,localization,resources.assets,2026-09-22,,Good_Fabric_Name,fabric
Fertilizer,Dünger,resource,,localization,resources.assets,2026-09-22,,Good_Fertilizer_Name,fertilizer
Fish,Fisch,resource,,localization,resources.assets,2026-09-22,,Good_Fish_Name,fish
Flour,Mehl,resource,,localization,resources.assets,2026-09-22,,Good_Flour_Name,flour
Food Stockpiles,Nahrungsvorräte,resource,,localization,resources.assets,2026-09-22,,Good_FoodStockpiles_Name,food_stockpiles
Fuel Rods,Brennstäbe,resource,,localization,resources.assets,2026-09-22,,Good_FuelRod_Name,fuel_rods
Grain,Getreide,resource,,localization,resources.assets,2026-09-22,,Good_Grain_Name,grain
Ground Bait,Grundköder,resource,,localization,resources.assets,2026-09-22,,Good_FishingBait_Name,ground_bait
Herbs,Kräuter,resource,,localization,resources.assets,2026-09-22,,Good_Herbs_Name,herbs
Incense,Weihrauch,resource,,localization,resources.assets,2026-09-22,,Good_Incense_Name,incense
Infused Tools,Magische Werkzeuge,resource,,localization,resources.assets,2026-09-22,,Good_InfusedTools_Name,infused_tools
Insects,Insekten,resource,,localization,resources.assets,2026-09-22,,Good_Insects_Name,insects
Jerky,Dörrfleisch,resource,,localization,resources.assets,2026-09-22,,Good_Jerky_Name,jerky
Leather,Leder,resource,,localization,resources.assets,2026-09-22,,Good_Leather_Name,leather
Machinery,Maschine,resource,,localization,resources.assets,2026-09-22,,Good_Machinery_Name,machinery
Meat,Fleisch,resource,,localization,resources.assets,2026-09-22,,Good_MothLarvaeMeat_Name,meat
Mushrooms,Pilze,resource,,localization,resources.assets,2026-09-22,,Good_Milk-capMushroom_Name,mushrooms
Oil,Öl,resource,,localization,resources.assets,2026-09-22,,Good_Oil_Name,oil
Pack of Building Materials,Baumaterialien-Paket,resource,,localization,resources.assets,2026-09-22,,Good_PackofBuildingMaterials_Name,pack_of_building_materials
Pack of Crops,Feldfruchtpaket,resource,,localization,resources.assets,2026-09-22,,Good_PackofCrops_Name,pack_of_crops
Pack of Luxury Goods,Luxusgüterpaket,resource,,localization,resources.assets,2026-09-22,,Good_PackofLuxuryGoods_Name,pack_of_luxury_goods
Pack of Provisions,Proviantpaket,resource,,localization,resources.assets,2026-09-22,,Good_PackofProvisions_Name,pack_of_provisions
Pack of Trade Goods,Handelswarenpaket,resource,,localization,resources.assets,2026-09-22,,Good_PackofTradeGoods_Name,pack_of_trade_goods
Parts,Teile,resource,,localization,resources.assets,2026-09-22,,Good_Parts_Name,parts
Paste,Paste,resource,,localization,resources.assets,2026-09-22,,Good_Paste_Name,paste
Pickled Goods,Eingelegte Nahrung,resource,,localization,resources.assets,2026-09-22,,Good_PickledGoods_Name,pickled_goods
Pie,Pastete,resource,,localization,resources.assets,2026-09-22,,Good_Pie_Name,pie
Pipes,Rohre,resource,,localization,resources.assets,2026-09-22,,Good_WaterPipe_Name,pipes
Planks,Bretter,resource,,localization,resources.assets,2026-09-22,,Good_Planks_Name,planks
Plant Fiber,Pflanzenfaser,resource,,localization,resources.assets,2026-09-22,,Good_Fibre_Name,plant_fiber
Porridge,Haferbrei,resource,,localization,resources.assets,2026-09-22,,Good_Porridge_Name,porridge
Pottery,Keramik,resource,,localization,resources.assets,2026-09-22,,Good_Pottery_Name,pottery
Purging Fire,Läuterndes Feuer,resource,,localization,resources.assets,2026-09-22,,Good_BlightFuel_Name,purging_fire
Reed,Schilf,resource,,localization,resources.assets,2026-09-22,,Good_Reed_Name,reed
Resin,Harz,resource,,localization,resources.assets,2026-09-22,,Good_Resin_Name,resin
Roots,Wurzeln,resource,,localization,resources.assets,2026-09-22,,Good_Roots_Name,roots
Salt,Salz,resource,,localization,resources.assets,2026-09-22,,Good_Salt_Name,salt
Scales,Schuppen,resource,,localization,resources.assets,2026-09-22,,Good_Scales_Name,scales
Scrolls,Schriftrollen,resource,,localization,resources.assets,2026-09-22,,Good_Manuscripts_Name,scrolls
Sea Marrow,Seemark,resource,,localization,resources.assets,2026-09-22,,Good_SeaMarrow_Name,sea_marrow
Skewers,Fleischspieße,resource,,localization,resources.assets,2026-09-22,,Good_Skewers_Name,skewers
Sparkdew,Funkentau,resource,,localization,resources.assets,2026-09-22,,Good_SparkWater_Name,sparkdew
Stone,Stein,resource,,localization,resources.assets,2026-09-22,,Good_Wetstone_Name,stone
Tea,Tee,resource,,localization,resources.assets,2026-09-22,,Good_Tea_Name,tea
Thunderblight Shard,Donnerfäulesplitter,resource,,localization,resources.assets,2026-09-22,,Good_Shard_Name,thunderblight_shard
Tools,Werkzeuge,resource,,localization,resources.assets,2026-09-22,,Good_MetalTools_Name,tools
Training Gear,Trainingsausrüstung,resource,,localization,resources.assets,2026-09-22,,Good_TrainingGear_Name,training_gear
Vegetables,Gemüse,resource,,localization,resources.assets,2026-09-22,,Good_Vegetables_Name,vegetables
Waterskins,Trinkschläuche,resource,,localization,resources.assets,2026-09-22,,Good_Waterskin_Name,waterskins
Wildfire Essence,Wildfeuer-Essenz,resource,,localization,resources.assets,2026-09-22,,Good_HearthParts_Name,wildfire_essence
Wine,Wein,resource,,localization,resources.assets,2026-09-22,,Good_Wine_Name,wine
Wood,Holz,resource,,localization,resources.assets,2026-09-22,,Good_Wood_Name,wood
Abyssal Tree,Abgrundbaum,resource_node,,localization,resources.assets,2026-09-22,,Resource_SealedTree_Name,abyssal_tree
Ancient Proto Wheat,Uralter Proto-Weizen,resource_node,,localization,resources.assets,2026-09-22,,Resource_GiantGrain_Name,ancient_proto_wheat
Ashen Tree,Aschener Baum,resource_node,,localization,resources.assets,2026-09-22,,Resource_WastelandTree_Name,ashen_tree
Basalt Tree,Basaltbaum,resource_node,,localization,resources.assets,2026-09-22,,Resource_CaveTree_Name,basalt_tree
Bleeding Tooth Mushroom (Large),Blutender Zahnpilz (groß),resource_node,,localization,resources.assets,2026-09-22,,Resource_UniversalMushroomDeposit-Big_Name,bleeding_tooth_mushroom_large
Bleeding Tooth Mushroom (Small),Blutender Zahnpilz (klein),resource_node,,localization,resources.assets,2026-09-22,,Resource_UniversalMushroomDeposit-Small_Name,bleeding_tooth_mushroom_small
Clay Node (Large),Lehmknoten (groß),resource_node,,localization,resources.assets,2026-09-22,,Resource_ClayDeposit-Big_Name,clay_node_large
Clay Node (Small),Lehmknoten (klein),resource_node,,localization,resources.assets,2026-09-22,,Resource_ClayDeposit-Small_Name,clay_node_small
Coppervein Tree,Kupferader-Baum,resource_node,,localization,resources.assets,2026-09-22,,Resource_CopperveinTree_Name,coppervein_tree
Crimsonreach Tree,Karmesinbaum,resource_node,,localization,resources.assets,2026-09-22,,Resource_CrimsonreachTree_Name,crimsonreach_tree
Dead Leviathan,Toter Leviathan,resource_node,,localization,resources.assets,2026-09-22,,Resource_GiantMeat_Name,dead_leviathan
Dewberry Bush (Large),Ackerbeerenbusch (groß),resource_node,,localization,resources.assets,2026-09-22,,Resource_Dewberries-Big_Name,dewberry_bush_large
Dewberry Bush (Small),Ackerbeerenbusch (klein),resource_node,,localization,resources.assets,2026-09-22,,Resource_Dewberries-Small_Name,dewberry_bush_small
Drizzlewing Nest (Large),Nieselflügel-Nest (groß),resource_node,,localization,resources.assets,2026-09-22,,Resource_StormbirdNest-Big_Name,drizzlewing_nest_large
Drizzlewing Nest (Small),Nieselflügel-Nest (klein),resource_node,,localization,resources.assets,2026-09-22,,Resource_StormbirdNest-Small_Name,drizzlewing_nest_small
Dying Tree,Sterbender Baum,resource_node,,localization,resources.assets,2026-09-22,,Resource_CursedTree_Name,dying_tree
Flax Field (Large),Flachsfeld (groß),resource_node,,localization,resources.assets,2026-09-22,,Resource_Flax-Big_Name,flax_field_large
Flax Field (Small),Flachsfeld (klein),resource_node,,localization,resources.assets,2026-09-22,,Resource_Flax-Small_Name,flax_field_small
Giant Proto Fungus,Riesiger Proto-Pilz,resource_node,,localization,resources.assets,2026-09-22,,Resource_GiantMushroom_Name,giant_proto_fungus
Grasscap Mushrooms (Large),Graskappenpilze (groß),resource_node,,localization,resources.assets,2026-09-22,,Resource_MushroomDeposit-Big_Name,grasscap_mushrooms_large
Grasscap Mushrooms (Small),Graskappenpilze (klein),resource_node,,localization,resources.assets,2026-09-22,,Resource_MushroomDeposit-Small_Name,grasscap_mushrooms_small
Herb Node (Large),Kräuterknoten (groß),resource_node,,localization,resources.assets,2026-09-22,,Resource_Herbs-Big_Name,herb_node_large
Herb Node (Small),Kräuterknoten (klein),resource_node,,localization,resources.assets,2026-09-22,,Resource_Herbs-Small_Name,herb_node_small
Kelpwood,Tangholz,resource_node,,localization,resources.assets,2026-09-22,,Resource_BayTree_Name,kelpwood
Leech Broodmother (Large),Blutegelbrutmutter (groß),resource_node,,localization,resources.assets,2026-09-22,,Resource_LeechNest-Big_Name,leech_broodmother_large
Leech Broodmother (Small),Blutegelbrutmutter (klein),resource_node,,localization,resources.assets,2026-09-22,,Resource_LeechNest-Small_Name,leech_broodmother_small
Lush Tree,Üppiger Baum,resource_node,,localization,resources.assets,2026-09-22,,Resource_LushTree_Name,lush_tree
Moss Broccoli Patch (Large),Moos-Brokkoli-Beet (groß),resource_node,,localization,resources.assets,2026-09-22,,Resource_MossBroccoli-Big_Name,moss_broccoli_patch_large
Moss Broccoli Patch (Small),Moos-Brokkoli-Beet (klein),resource_node,,localization,resources.assets,2026-09-22,,Resource_MossBroccoli-Small_Name,moss_broccoli_patch_small
Mushwood,Matschholz,resource_node,,localization,resources.assets,2026-09-22,,Resource_Mushwood_Name,mushwood
Musselsprout Tree,Muschelschalenbaum,resource_node,,localization,resources.assets,2026-09-22,,Resource_MusselsproutTree_Name,musselsprout_tree
Overgrown Abyssal Tree,Überwachsener Abgrundbaum,resource_node,,localization,resources.assets,2026-09-22,,Resource_SealedTree_Big_Name,overgrown_abyssal_tree
Overgrown Stone Node (Large),Überwucherter-Stein-Knoten (groß),resource_node,,localization,resources.assets,2026-09-22,,Resource_MarshStoneDeposit-Big_Name,overgrown_stone_node_large
Overgrown Stone Node (Small),Überwucherter-Stein-Knoten (klein),resource_node,,localization,resources.assets,2026-09-22,,Resource_MarshStoneDeposit-Small_Name,overgrown_stone_node_small
Plateleaf Tree,Plattenblattbaum,resource_node,,localization,resources.assets,2026-09-22,,Resource_Plateleaf Tree_Name,plateleaf_tree
Reed Field (Large),Schilffeld (groß),resource_node,,localization,resources.assets,2026-09-22,,Resource_ReedDeposit-Big_Name,reed_field_large
Reed Field (Small),Schilffeld (klein),resource_node,,localization,resources.assets,2026-09-22,,Resource_ReedDeposit-Small_Name,reed_field_small
Root Node (Large),Wurzelknoten (groß),resource_node,,localization,resources.assets,2026-09-22,,Resource_RootDeposit-Big_Name,root_node_large
Root Node (Small),Wurzelknoten (klein),resource_node,,localization,resources.assets,2026-09-22,,Resource_RootDeposit-Small_Name,root_node_small
Sea Marrow Node (Large),Seemark-Knoten (groß),resource_node,,localization,resources.assets,2026-09-22,,Resource_SeaMarrow_Big_Name,sea_marrow_node_large
Sea Marrow Node (Small),Seemark-Knoten (klein),resource_node,,localization,resources.assets,2026-09-22,,Resource_SeaMarrow_Small_Name,sea_marrow_node_small
Slickshell Broodmother (Large),Schlammmuschel-Brutmutter (groß),resource_node,,localization,resources.assets,2026-09-22,,Resource_SnailBroodmother-Big_Name,slickshell_broodmother_large
Slickshell Broodmother (Small),Schlammmuschel-Brutmutter (klein),resource_node,,localization,resources.assets,2026-09-22,,Resource_SnailBroodmother-Small_Name,slickshell_broodmother_small
Snake Nest (Large),Schlangennest (groß),resource_node,,localization,resources.assets,2026-09-22,,Resource_ReptileNest-Big_Name,snake_nest_large
Snake Nest (Small),Schlangennest (klein),resource_node,,localization,resources.assets,2026-09-22,,Resource_ReptileNest-Small_Name,snake_nest_small
Stone Node (Large),Steinknoten (groß),resource_node,,localization,resources.assets,2026-09-22,,Resource_StoneDeposit-Big_Name,stone_node_large
Stone Node (Small),Steinknoten (klein),resource_node,,localization,resources.assets,2026-09-22,,Resource_StoneDeposit-Small_Name,stone_node_small
Swamp Wheat Field (Large),Sumpfweizenfeld (groß),resource_node,,localization,resources.assets,2026-09-22,,Resource_SwampWheat-Big_Name,swamp_wheat_field_large
Swamp Wheat Field (Small),Sumpfweizenfeld (klein),resource_node,,localization,resources.assets,2026-09-22,,Resource_SwampWheat-Small_Name,swamp_wheat_field_small
Tearsap Bamboo,Tränensaft-Bambus,resource_node,,localization,resources.assets,2026-09-22,,Resource_PoroTree_Name,tearsap_bamboo
Water Strider Molt (Large),Wasserläuferhaut (groß),resource_node,,localization,resources.assets,2026-09-22,,Resource_Leather-Big_Name,water_strider_molt_large
Water Strider Molt (Small),Wasserläuferhaut (klein),resource_node,,localization,resources.assets,2026-09-22,,Resource_Leather-Small_Name,water_strider_molt_small
Wormtongue Nest (Large),Wurmzungennest (groß),resource_node,,localization,resources.assets,2026-09-22,,Resource_WormtongueNest-Big_Name,wormtongue_nest_large
Wormtongue Nest (Small),Wurmzungennest (klein),resource_node,,localization,resources.assets,2026-09-22,,Resource_WormtongueNest-Small_Name,wormtongue_nest_small
Clearance,Sommer,season,,localization,resources.assets,2026-09-22,,Common_Clearance,clearance
Drizzle,Nieselregen,season,,localization,resources.assets,2026-09-22,,Common_Drizzle,drizzle
Storm,Sturm,season,,localization,resources.assets,2026-09-22,,Common_Storm,storm
Bat,Fledermaus,species,,localization,resources.assets,2026-09-22,,Race_Bat_Name,bat
Beaver,Biber,species,,localization,resources.assets,2026-09-22,,Race_Beaver_Name,beaver
Fox,Fuchs,species,,localization,resources.assets,2026-09-22,,Race_Fox_Name,fox
Frog,Frosch,species,,localization,resources.assets,2026-09-22,,Race_Frog_Name,frog
Harpy,Harpyie,species,,localization,resources.assets,2026-09-22,,Race_Harpy_Name,harpy
Human,Mensch,species,,localization,resources.assets,2026-09-22,,Race_Human_Name,human
Lizard,Echse,species,,localization,resources.assets,2026-09-22,,Race_Lizard_Name,lizard
Alune Soulgazer,Alune Seelenauge,trader,,localization,resources.assets,2026-09-22,,Trader_SeerTrader_Name,alune_soulgazer
Dullahan Warlander,Dullahan Warlander,trader,,localization,resources.assets,2026-09-22,,Trader_Trickster_Name,dullahan_warlander
Gex Runescale,Gex Runenschuppe,trader,,localization,resources.assets,2026-09-22,,Trader_ShamanTrader_Name,gex_runescale
Old Farluf,Der alte Farluf,trader,,localization,resources.assets,2026-09-22,,Trader_BrassOrderTrader_Name,old_farluf
Ruenhar Blightclaw,Ruenhar Fäulnisklaue,trader,,localization,resources.assets,2026-09-22,,Trader_HermitTrader_Name,ruenhar_blightclaw
Sahilda,Sahilda,trader,,localization,resources.assets,2026-09-22,,Trader_GeneralTrader_Name,sahilda
Sir Renwald Redmane,Sir Renwald Rotmäne,trader,,localization,resources.assets,2026-09-22,,Trader_RoyalTrader_Name,sir_renwald_redmane
Sothur The Ancient,Sothur der Alte,trader,,localization,resources.assets,2026-09-22,,Trader_AncientTrader_Name,sothur_the_ancient
Vael,Vael,trader,,localization,resources.assets,2026-09-22,,Trader_Syndicate_Name,vael
Vliss Greybone,Vliss Grauknochen,trader,,localization,resources.assets,2026-09-22,,Trader_StolenKeysTrader_Name,vliss_greybone
Xiadani Stormfeather,Xiadani Sturmfeder,trader,,localization,resources.assets,2026-09-22,,Trader_WanderingMerchant_Name,xiadani_stormfeather
Zhorg,Zhorg,trader,,localization,resources.assets,2026-09-22,,Trader_FirstDawnCompanyTrader_Name,zhorg
Bankrupt Trader,Bankrotter Händler,world_event,,localization,resources.assets,2026-09-22,,WorldEvent_BankruptTrader_Name,bankrupt_trader
Black Amber Pact,Pakt mit dem Schwarzen Bernstein,world_event,,localization,resources.assets,2026-09-22,,WorldEvent_BlackAmberSyndicatePayment_Name,black_amber_pact
Black Amber Syndicate,Syndikat des Schwarzen Bernsteins,world_event,,localization,resources.assets,2026-09-22,,WorldEvent_BlackAmberSyndicate_Name,black_amber_syndicate
Blight-Ridden Viceroy,Von der Fäule befallener Statthalter,world_event,,localization,resources.assets,2026-09-22,,WorldEvent_BlightrotedViceroy_Name,blight_ridden_viceroy
Brass Order Engineers,Messingorden-Ingenieure,world_event,,localization,resources.assets,2026-09-22,,WorldEvent_BrassOrderEngineers_Name,brass_order_engineers
Catastrophic Experiment,Katastrophales Experiment,world_event,,localization,resources.assets,2026-09-22,,WorldEvent_CatastrophicExperiment_Name,catastrophic_experiment
Cloaked Wanderer,Verhüllter Wanderer,world_event,,localization,resources.assets,2026-09-22,,WorldEvent_CloakedWanderer_Name,cloaked_wanderer
Commenda Contract,Commenda-Vertrag,world_event,,localization,resources.assets,2026-09-22,,WorldEvent_CommendaContract_Name,commenda_contract
Crashed Airship,Abgestürztes Luftschiff,world_event,,localization,resources.assets,2026-09-22,,WorldEvent_CrashedAirship_Name,crashed_airship
Devastated Forest,Zerstörter Wald,world_event,,localization,resources.assets,2026-09-22,,WorldEvent_AdoptedTownOnlyGlades_Name,devastated_forest
Fire Moths,Feuermotten,world_event,,localization,resources.assets,2026-09-22,,WorldEvent_FireMoths_Name,fire_moths
First Dawn Company Caravan,Karawane der Kompanie der Urdämmerung,world_event,,localization,resources.assets,2026-09-22,,WorldEvent_FirstDawnCaravan_Name,first_dawn_company_caravan
First Elder,Erster Ältester,world_event,,localization,resources.assets,2026-09-22,,WorldEvent_FirstElder_Name,first_elder
Followers of the Forsaken Gods,Anhänger der Verlassenen Götter,world_event,,localization,resources.assets,2026-09-22,,WorldEvent_ForsakenGodsFollowers_Name,followers_of_the_forsaken_gods
Forsaken Town,Verlassene Stadt,world_event,,localization,resources.assets,2026-09-22,,WorldEvent_AdoptedTown_Name,forsaken_town
Ghost Town,Geisterstadt,world_event,,localization,resources.assets,2026-09-22,,WorldEvent_GhostTown_Name,ghost_town
Hanged Viceroy,Gehängter Statthalter,world_event,,localization,resources.assets,2026-09-22,,WorldEvent_HangedViceroy_Name,hanged_viceroy
Obsidian Loremaster,Obsidian-Historiker,world_event,,localization,resources.assets,2026-09-22,,WorldEvent_Loremaster_Name,obsidian_loremaster
Roaming Fishmen Tribe,Wandernder Fischmenschen-Stamm,world_event,,localization,resources.assets,2026-09-22,,WorldEvent_RoamingFishmenTribe_Name,roaming_fishmen_tribe
Sadrath The Wise,Sadrath der Weise,world_event,,localization,resources.assets,2026-09-22,,WorldEvent_SadrathTheWise_Name,sadrath_the_wise
Shelled Mosquito Nest,Panzermückennest,world_event,,localization,resources.assets,2026-09-22,,WorldEvent_MosquitoNest_Name,shelled_mosquito_nest
Somber Procession,Trauerprozession,world_event,,localization,resources.assets,2026-09-22,,WorldEvent_SomberProcession_Name,somber_procession
Storm Ant Column,Sturmameisen-Straße,world_event,,localization,resources.assets,2026-09-22,,WorldEvent_StormAntsColumn_Name,storm_ant_column
Stormbird Egg,Sturmvogel-Ei,world_event,,localization,resources.assets,2026-09-22,,WorldEvent_SormbirdEgg_Name,stormbird_egg
The Gambler,Der Spieler,world_event,,localization,resources.assets,2026-09-22,,WorldEvent_Gambler_Name,the_gambler
Treasure Chest,Schatzkiste,world_event,,localization,resources.assets,2026-09-22,,WorldEvent_Chest_Generic_Name,treasure_chest
Tree Grazer,Baumfresser,world_event,,localization,resources.assets,2026-09-22,,WorldEvent_TreeGrazer_Name,tree_grazer
Wandering Eremite,Wandernder Eremit,world_event,,localization,resources.assets,2026-09-22,,WorldEvent_Eremite_Name,wandering_eremite
